buyer_county,year,prescription_rate,total_prescriptions,opioids_supplied_per_capita,high_school_graduate_includes_equivalency,some_college_or_associates_degree,bachelors_degree,graduate_or_professional_degree,median_household_income,dosage_unit,potential_pills_per_prescription,population,blind_and_disability_perc,unemployment_rate_bls,gdp_2020_dollars,white_alone,black_or_african_american_alone,american_indian_and_alaska_native_alone,asian_alone,native_hawaiian_and_other_pacific_islander_alone,some_other_race_alone,two_or_more_races,two_or_more_races!!two_races_including_some_other_race,"two_or_more_races!!two_races_excluding_some_other_race,_and_three_or_more_races",male_perc,up_to_18,from_18_to_34,from_35_to_59_years,opioid_visit_count
Atlantic,2005,NA,NA,NA,NA,NA,NA,NA,NA,NA,NA,264403,NA,NA,12554870,NA,NA,NA,NA,NA,NA,NA,NA,NA,NA,NA,NA,NA,NA
Bergen,2005,NA,NA,NA,NA,NA,NA,NA,NA,NA,NA,891237,NA,NA,55445856,NA,NA,NA,NA,NA,NA,NA,NA,NA,NA,NA,NA,NA,NA
Burlington,2005,NA,NA,NA,NA,NA,NA,NA,NA,NA,NA,436706,NA,NA,20197936,NA,NA,NA,NA,NA,NA,NA,NA,NA,NA,NA,NA,NA,NA
Camden,2005,NA,NA,NA,NA,NA,NA,NA,NA,NA,NA,507843,NA,NA,19708199,NA,NA,NA,NA,NA,NA,NA,NA,NA,NA,NA,NA,NA,NA
Cape May,2005,NA,NA,NA,NA,NA,NA,NA,NA,NA,NA,96630,NA,NA,4444180,NA,NA,NA,NA,NA,NA,NA,NA,NA,NA,NA,NA,NA,NA
Cumberland,2005,NA,NA,NA,NA,NA,NA,NA,NA,NA,NA,139968,NA,NA,5150385,NA,NA,NA,NA,NA,NA,NA,NA,NA,NA,NA,NA,NA,NA
Essex,2005,NA,NA,NA,NA,NA,NA,NA,NA,NA,NA,769628,NA,NA,43897642,NA,NA,NA,NA,NA,NA,NA,NA,NA,NA,NA,NA,NA,NA
Gloucester,2005,NA,NA,NA,NA,NA,NA,NA,NA,NA,NA,271709,NA,NA,9815555,NA,NA,NA,NA,NA,NA,NA,NA,NA,NA,NA,NA,NA,NA
Hudson,2005,NA,NA,NA,NA,NA,NA,NA,NA,NA,NA,594071,NA,NA,32336887,NA,NA,NA,NA,NA,NA,NA,NA,NA,NA,NA,NA,NA,NA
Hunterdon,2005,NA,NA,NA,NA,NA,NA,NA,NA,NA,NA,126116,NA,NA,5841574,NA,NA,NA,NA,NA,NA,NA,NA,NA,NA,NA,NA,NA,NA
Mercer,2005,NA,NA,NA,NA,NA,NA,NA,NA,NA,NA,345118,NA,NA,22666279,NA,NA,NA,NA,NA,NA,NA,NA,NA,NA,NA,NA,NA,NA
Middlesex,2005,NA,NA,NA,NA,NA,NA,NA,NA,NA,NA,768696,NA,NA,44154639,NA,NA,NA,NA,NA,NA,NA,NA,NA,NA,NA,NA,NA,NA
Monmouth,2005,NA,NA,NA,NA,NA,NA,NA,NA,NA,NA,625874,NA,NA,27213090,NA,NA,NA,NA,NA,NA,NA,NA,NA,NA,NA,NA,NA,NA
Morris,2005,NA,NA,NA,NA,NA,NA,NA,NA,NA,NA,481139,NA,NA,39334963,NA,NA,NA,NA,NA,NA,NA,NA,NA,NA,NA,NA,NA,NA
Ocean,2005,NA,NA,NA,NA,NA,NA,NA,NA,NA,NA,550447,NA,NA,14321056,NA,NA,NA,NA,NA,NA,NA,NA,NA,NA,NA,NA,NA,NA
Passaic,2005,NA,NA,NA,NA,NA,NA,NA,NA,NA,NA,487756,NA,NA,18272859,NA,NA,NA,NA,NA,NA,NA,NA,NA,NA,NA,NA,NA,NA
Salem,2005,NA,NA,NA,NA,NA,NA,NA,NA,NA,NA,65124,NA,NA,5043343,NA,NA,NA,NA,NA,NA,NA,NA,NA,NA,NA,NA,NA,NA
Somerset,2005,NA,NA,NA,NA,NA,NA,NA,NA,NA,NA,314960,NA,NA,24050460,NA,NA,NA,NA,NA,NA,NA,NA,NA,NA,NA,NA,NA,NA
Sussex,2005,NA,NA,NA,NA,NA,NA,NA,NA,NA,NA,151443,NA,NA,3731614,NA,NA,NA,NA,NA,NA,NA,NA,NA,NA,NA,NA,NA,NA
Union,2005,NA,NA,NA,NA,NA,NA,NA,NA,NA,NA,523649,NA,NA,28954483,NA,NA,NA,NA,NA,NA,NA,NA,NA,NA,NA,NA,NA,NA
Warren,2005,NA,NA,NA,NA,NA,NA,NA,NA,NA,NA,108910,NA,NA,3637949,NA,NA,NA,NA,NA,NA,NA,NA,NA,NA,NA,NA,NA,NA
Atlantic,2006,84.8,230333.75999999998,32.32743170605994,36.37605380626902,25.89727198719315,16.637982374185228,6.898435749916679,61522.778528021605,8780777,38.121971351485776,271620,1.6725572490980045,5.8,13850011,65.60047124659451,16.402694941462336,0.08136366983285472,6.621014652823797,0.01472645607834474,10.060746631323171,1.2189824018849864,0.1461600765775716,1.0728223253074147,48.351005080627345,37.42553083150873,18.202301542848414,31.31842252660522,NA
Bergen,2006,46.3,418569.131,14.065859030106068,25.552765056384494,22.02847579970041,26.884262061231073,15.805133141757889,89346.43450371371,12716057,30.379825119019586,904037,0.6438895753160545,3.9,57087958,74.40005221025245,5.697111954488589,0.12676472312527032,13.86812707886956,0.0159285515968926,4.499594596238871,1.3924208854283615,0.4233233816757499,0.9690975037526118,48.540269922580606,35.69250385983239,16.40332752118107,32.94357347507815,NA
Burlington,2006,59.3,267221.811,22.643363580078425,31.323830639532808,27.159287525198582,21.072347940127187,10.1258549665155,80204.5948683322,10203711,38.184424249710666,450627,0.922714351337137,4.2,21332908,74.65109724894425,16.28087087546907,0.10252381681523744,3.995987812536754,0.01287095535775708,2.8637875671009505,2.0928617237759832,0.33286953511440726,1.759992188661576,49.24960111134042,35.73885111744209,19.53054947050611,31.278541404189795,NA
Camden,2006,85.3,441001.853,33.31799938491415,31.88140545598461,24.492197959670087,17.241287991360817,9.672587958699062,67038.97940580688,17225439,39.05978825898494,517001,2.304444285407572,5.3,20805254,66.75286894996336,18.81098876017648,0.26789116462057133,4.601345065096586,0.03404248734528559,7.677741435703219,1.8551221370945128,0.5096701940615201,1.3454519430329923,48.47050585975656,38.87679178059491,18.903305990554312,29.90703455132985,NA
Cape May,2006,93.1,90981.044,34.13653759567762,37.0402642119317,23.067950249455414,18.12521959103366,8.974773382053264,58924.28629304524,3335959,36.66652802972892,97724,1.3988375424665382,7,4668984,90.66452457942778,6.104948630837869,0.16065654291678605,0.3714542998649257,0,1.4551184969915272,1.2432974499611151,0.4103393229912816,0.8329581269698334,47.44996111497687,32.58112337341459,16.945771335492964,29.08362158897491,NA
Cumberland,2006,85.2,131909.196,27.297268493699256,38.9223411876319,21.777769172684856,9.282851555693238,2.5789463493968907,55884.07393652937,4226245,32.03904752781603,154823,2.7993256815847776,7,5431622,67.07788894414912,20.371650207010585,0.890694535049702,1.1096542503374822,0,8.855273441284565,1.694838622168541,0.6116662253024422,1.083172396866099,51.63896837033257,35.9258791058298,21.807513220824642,31.42026420580241,NA
Essex,2006,42.5,334112.475,15.087613385282905,29.050630672415895,20.43936779463152,18.372436726399407,12.192279421880343,61109.32849426063,11861082,35.50026678890096,786147,2.751266620619299,5.9,45781737,42.574607547952226,41.12538749114351,0.3384863136283672,4.29588868239655,0.00508810693165527,9.86672975919262,1.7938120987550674,1.0060459430615394,0.787766155693528,48.03796236581708,40.598044603544565,19.206632968913933,28.9269213475336,NA
Gloucester,2006,83,234085.72999999998,33.49061273406115,36.576746377665216,25.83236059499459,18.1780700157423,7.933261225757398,78636.78291694801,9445391,40.35013582417006,282031,1.1598015820955851,4.8,10400335,84.73926625087313,9.731908903631162,0.13509153249110914,2.274927224312221,0.02588367945367707,1.238161762359457,1.8547606468792437,0.4542053887693197,1.400555258109924,48.77407093546454,36.52954348012285,20.400234928481407,31.13352992279173,NA
Hudson,2006,36.8,221221.728,11.8744331659863,29.292956269240857,17.797001097396354,19.786396169795378,10.72996280506162,58374.197501688046,7138268,32.2674814293106,601146,2.5364886400308744,5.6,34671857,56.53851144314359,14.173927797906,0.5181769486946599,11.3343513888473,0.0251186899688262,16.079787605673165,1.3301261257664527,0.6695544842683807,0.660571641498072,49.61407045875711,35.311854722371514,23.243289112663707,30.93315984499194,NA
Hunterdon,2006,35.6,46558.74800000001,12.544466788496976,25.490611008397742,22.30303165304168,28.170316084913015,18.243378700465552,109896.43247805536,1640603,35.23726625982296,130783,0.43507183655368054,3.4,6294465,91.7841003800188,1.9130926802413155,0,3.830773112713426,0,1.3740317931229593,1.098002033903489,0.04281902082074887,1.05518301308274,49.5874846119144,35.923629794257934,15.244148113489558,35.814455231930964,NA
Mercer,2006,54.3,199609.51499999998,15.73904054623849,26.557449853198783,19.897938203679487,21.435855682481723,17.34639329566669,76924.08676569886,5785750,28.98534170577991,367605,1.627290161994532,4.3,23723165,65.79235864582908,19.656152663864745,0.20674365147372856,8.295316984263,0.13574352905972442,4.56549829300472,1.3481862325049987,0.2023911535479659,1.1457950789570328,49.11358659430639,35.993440576185755,21.550129744284963,29.886374753672207,NA
Middlesex,2006,45.7,359645.74700000003,16.81285079119815,28.82029351440086,20.3418521509351,22.66547623109615,14.6870936311697,85598.29203241054,13231226,36.78960785820164,786971,0.8662326820175077,4.4,46370991,60.82625662190856,9.354220168214583,0.17802434905479364,18.09761732007914,0,9.676341313720584,1.867540227022343,0.7869413231237238,1.080598903898619,49.37805840367688,36.44601997787917,20.23300324899765,31.60017454721416,NA
Monmouth,2006,59.9,380535.71499999997,22.462038297771866,27.42802316770784,23.78678014370735,24.48467332734357,14.832400072252472,90888.3322079676,14269796,37.49922921163918,635285,0.8709476848973295,4.2,28049604,82.36051535924821,7.63247991059131,0.2192716654729767,5.194204176078452,0.01054644765735063,3.3443257750458457,1.238656665905853,0.4468860432719174,0.7917706226339358,48.92575773078225,37.76293840975817,16.584694976670974,32.67594813622969,NA
Morris,2006,47.2,232771.52000000002,14.470660637521291,26.03923442118778,19.704995371890956,28.156818249679016,18.94807560240064,105526.34807562456,7136351,30.658179316782395,493160,0.4702327844918485,3.4,40954114,83.69251358585448,3.072228080136264,0.02331900397436937,8.59538486495255,0.4572552518452429,3.1888231000081113,0.9704761132289724,0.32322167247951983,0.6472544407494525,49.32293778895288,37.517410728103755,15.404668310583315,33.47537048309827,NA
Ocean,2006,74.1,416690.235,23.74005352681231,38.13017004699638,25.483894770857663,16.937016709541002,7.48608810485256,64573.59216745442,13349863,32.03785901054293,562335,0.8457592004765843,5,15289127,90.62018192002988,3.29003174264451,0.11132154320822996,1.643859976704278,0.05263766260325251,3.1886686761450025,1.0932984786648527,0.4008286875261188,0.692469791138734,47.64366436376893,36.37406086885688,17.166283390459242,27.956814066132374,NA
Passaic,2006,43.6,216732.548,13.381904392135878,36.40560640016026,20.052771274398108,15.506804552226662,7.990810411528301,58825.34098582039,6652051,30.692441266366693,497093,2.117310040575908,5.7,19592488,58.98654778884435,12.0834531968867,0.13800234563753663,4.618652847656274,0,22.55131333573396,1.6220304852411924,0.8618105666344125,0.7602199186067798,48.70416602124754,40.51510063145945,18.963379406110526,29.26877063054723,NA
Salem,2006,74.6,49679.87,29.521210301073655,39.34094012952112,30.322921714612978,13.388254989206573,4.332789990748491,68512.55773126266,1965965,39.5726679639057,66595,1.771904797657482,5.1,5317055,80.01952098505893,15.172310233501014,0.21923567835423077,0.47300848412042945,0,3.3365868308431565,0.7793377881222313,0.06306779788272393,0.7162699902395075,48.56370598393273,36.23210911820276,18.4382845459016,29.580453968993453,NA
Somerset,2006,37.3,120921.378,11.088600371391731,22.973218916926776,21.19691330500223,27.35119345533301,21.054044462239855,108001.15867656987,3594769,29.72815112973655,324186,0.4781205850962102,3.5,26837937,75.07480273670055,8.493889310457577,0.16410332340076375,12.540640249733178,0,2.4637091052667297,1.2628552744412158,0.4824390936067566,0.7804161808344592,49.085401590444995,39.00631176812557,15.748276721202558,33.22294659911967,NA
Sussex,2006,51.8,79452.912,18.797012726229593,34.13312239995312,27.61078885178024,20.23300326165505,10.39335169234976,92452.61039837947,2883161,36.28766935565559,153384,0.8234235643874198,4.2,4014803,93.964820320242,1.6670578417566368,0,1.8789443488238669,0,1.4727742137380693,1.01640327543942,0.11278881760809473,0.9036144578313252,49.715094142804986,37.14506513579157,16.457275336718922,34.757120777213515,NA
Union,2006,43.2,229430.01600000003,15.242694242762028,31.68444333261317,19.891577499061892,18.990425616592567,11.464243885243851,73337.31937879811,8095212,35.28401445083802,531088,1.2911231283704396,4.9,30032966,59.390910734190946,21.158452083270568,0.17473563703190434,4.633130479317928,0.10600879703551956,13.123060585063117,1.413701684090019,0.5835191154761546,0.8301825686138643,48.600420269333895,39.132663686900244,17.612662405280275,31.133753063872735,NA
Warren,2006,60.7,67327.833,19.754785023305296,33.93874218345481,26.859707120192244,20.48831003305851,6.64223788850387,73133.53916272789,2191181,32.54495061500049,110919,0.9286055590115309,4.2,3951518,89.5022493891939,3.491737213642387,0,2.56493477222117,0,3.4926387724375445,0.9484398525049812,0.493152660950784,0.4552871915541972,48.51197720859366,37.890939493404346,16.78485167523379,32.25057286183192,NA
Atlantic,2007,89.4,241955.736,37.6722558046733,36.75675378024471,25.457318751996123,15.8137024922633,6.183301946013811,63877.56500328299,10195770,42.13898859583143,270644,1.7462053472458285,5.9,14358013,65.73580053502018,16.786257962489472,0.10160949439115592,6.5613869141750785,0.01773547538463812,8.94606937526788,1.851140243271604,0.254947458654173,1.5961927846174309,48.56084007035072,37.702713844475596,18.07221274409696,30.668535513372614,NA
Bergen,2007,48,429957.12,16.660117176336097,26.36692922440062,20.116010911158384,27.627174406050965,17.084938385174112,92187.03151674326,14923200,34.7085774507002,895744,0.6563259145470134,3.4,59183103,73.01863032294942,5.6674674907116325,0.091990568733924,14.276958595312946,0,5.4725457273506715,1.4724072949414118,0.4305917762217776,1.0418155187196343,48.5825191126036,34.96947435184068,16.64085572983342,32.98326439608245,NA
Burlington,2007,63.1,281941.527,26.808621874279627,30.453398602958785,26.5900448509943,21.630843835202946,12.143562553520985,84265.19172685489,11978548,42.48593007017374,446817,0.9406535561538617,3.8,21926919,75.00184639348996,16.071232741816,0.3016895059946242,4.126297790818165,0,2.2731901427206216,2.2257434251606365,0.3072846377823583,1.918458787378278,49.52833039029401,35.85274344373131,19.212295503456684,31.610642390538402,NA
Camden,2007,89.8,461364.56200000003,38.544273788414635,35.147062303305646,23.31671044225172,16.444535150611674,9.276578878871772,67910.64740643465,19802853,42.922353884648814,513769,2.3557279633453945,4.8,21503942,66.40630322187599,18.477759459990775,0.06247944114962172,4.434093921587328,0,8.179551510503748,2.439812444892549,0.551220490142457,1.888591954750092,48.5640433735784,38.96875197440834,18.756131057484794,29.693771344393348,NA
Cape May,2007,105.5,101725.20999999999,39.66954636908589,35.36790729535335,23.54007306770179,17.704646649160864,9.201963694485672,59556.978003939585,3825017,37.60146575268806,96422,1.4716558461761837,6.6,4760404,91.75291945821492,4.995747858372571,0.4584016095911721,0.4584016095911721,0,0.8639107257679782,1.4706187384621767,0.5683350272759329,0.9022837111862438,48.190247039057475,32.61908716756178,17.090231253345145,28.927892512411642,NA
Cumberland,2007,89.7,139522.968,31.40587872241938,39.675533244859885,20.949935568249572,8.103975535168196,4.232300501990652,54846.94254760341,4884996,35.01212789567378,155544,2.8352106156457335,6.5,5516401,66.48986781875224,20.139638944607313,1.2183047883557063,1.204160880522553,0.06171887054466903,8.405338682302114,2.4809700149153935,0.6808362906958803,1.8001337242195137,52.18201923571465,36.972243839169906,22.73307392996109,28.69312581063554,NA
Essex,2007,42.9,332941.323,15.314103959994176,28.98666222602848,18.954784787642335,19.160957274716907,13.409537856440512,61279.71470781352,11885077,35.69721202795846,776087,2.7996861176646433,5.3,46354510,40.61103974167845,40.683583154981335,0.3719943769190825,4.429142609011619,0,12.152890075468344,1.7513500419411745,0.8108626996715573,0.9404873422696168,48.034176580718395,40.08771097314155,19.35291637882135,29.222056197705037,NA
Gloucester,2007,86,245747.58,37.78182206311045,37.660731160874505,25.13936227821489,18.181335541893628,6.959619448072288,81189.69435325015,10796269,43.932351236174945,285753,1.1947381129856904,4.3,11589471,84.51494822451558,9.7213327594111,0.108135347660392,2.444768733836565,0,1.39596084730519,1.8148540872711747,0.3314050946096804,1.4834489926614944,48.85338036696027,36.87206017863273,19.688145556164518,31.363113485385963,NA
Hudson,2007,37.9,226702.64,14.258917346529357,28.731881860634363,18.129419613075385,21.97780338407423,10.699496634119717,59168.67498358502,8529114,37.62247320983999,598160,2.5478132941019123,5,34992030,58.21669787347867,13.998428514109936,0.39571352146582855,11.195332352547812,0.07690250100307609,14.259897017520396,1.8570282198742811,0.9529222950381168,0.9041059248361644,49.65460746288618,34.2990087916862,23.218225885742378,31.69008448707542,NA
Hunterdon,2007,39.5,51092.46,16.169635402170886,23.938116581953263,21.808232585556823,28.08110242350769,19.150048381176944,114918.2216021011,2091510,40.93578582828073,129348,0.4429910010205028,2.8,6394758,90.8239787240622,2.7615425054890683,0.0672604137675109,3.2339116182700933,0,1.914215913659276,1.1990908247518324,0.2017812413025327,0.9973095834492997,49.11633732257167,35.69363584284782,14.694714965161669,35.82686081986651,NA
Mercer,2007,57,208305.93,18.521908665778263,27.30470534490635,22.24137215000623,20.019934382657087,17.75489015324557,80476.0873276428,6768813,32.49457660662853,365449,1.7250012997709667,3.8,24213207,65.42198774658023,20.00634835503723,0.19537609899055683,7.854994814597934,0.01778633954395825,4.930646957578213,1.5728596876718774,0.3089350360789057,1.2639246515929718,49.157337959605854,35.86881095273819,21.53366466616654,30.403225806451612,NA
Middlesex,2007,47.6,375387.40400000004,20.071837327818276,29.574500614381627,21.55545195271432,22.007130979367727,15.053010469968914,86357.90446487196,15829233,42.167725478609825,788629,0.8846999032498171,3.9,49091393,63.68710762601933,9.869786680428946,0.11665814977638408,18.32889736492064,0.01191941965106533,6.300681308955161,1.6849494502484692,0.388141952679904,1.296807497568565,49.457603004708176,35.88804869251189,20.294954285973475,31.71190551786551,NA
Monmouth,2007,63.3,406404.99,25.08088095571858,29.07670606140754,24.108746189289644,23.280946216202423,14.240108393539078,89626.98063033486,16102678,39.62224479576395,642030,0.8641340747317103,3.7,29221056,82.34023332243041,7.851502266249241,0.14594333598118467,5.038082332601281,0.00903384577044686,3.2299113748578723,1.3852935221095588,0.3323832219678208,1.052910300141738,48.916717287354174,37.40939904922296,16.614082585431365,32.36399198448059,NA
Morris,2007,48.5,236910.375,17.687904191616767,24.806504338629427,19.71161935437348,30.09067855683484,18.269716126240898,108454.52265265922,8640099,36.46990554972529,488475,0.48866369824453654,3,42774673,83.4224883566201,3.2067147755770513,0.27350427350427353,8.303393213572855,0.02088131429448795,3.49618711295358,1.27683095347766,0.28230718051077336,0.9945237729668868,49.4164491529761,37.174230773236495,15.485559748515008,33.352311585876016,NA
Ocean,2007,78.1,441650.03299999994,27.867780856703796,37.7588127291869,25.742934304416153,16.62250342032052,8.003041415122649,64466.31943532501,15759035,35.68217779347478,565493,0.8555366733098375,4.6,15803040,90.9222572162697,3.535852786860315,0.10822415131575458,1.6930359880670494,0,2.5887146259989073,1.1519152314882766,0.34041093346867246,0.8115042980196042,47.93817076427118,37.29958430016671,16.929368006828692,27.435264534856845,NA
Passaic,2007,45.4,223420.21,14.955746116253314,37.65235799055734,22.573988972033757,15.790185550407491,6.672139758869397,62484.7140512147,7359947,32.942172062231975,492115,2.148887963179338,5.3,20350971,57.499568190362005,12.30423783058838,0.1615476057425602,4.4761895085498304,0.07823374617721468,23.37217926704124,2.1080438515387665,0.8138341647785579,1.2942096867602084,48.83472359103055,39.97040627853803,18.912173250296966,28.974725176635378,NA
Salem,2007,77.4,51096.384,30.26955586524479,37.938917743152665,28.36596084698362,11.355262573800328,6.165934212278599,62989.85160866709,1998275,39.10795331426976,66016,1.887421231216675,5,5283089,80.3562772661173,15.426563257392148,0.3680925836160931,0.5074527387300048,0,1.3587615123606398,1.98285264178381,0.5392632089190499,1.44358943286476,49.674321376635966,36.152984977479235,17.782290608971856,31.172381473092244,NA
Somerset,2007,40,129420.8,13.3136435565226,23.60510504326657,19.91680738025617,28.80807581602442,21.11527531814999,111861.0512147078,4307656,33.284108891306495,323552,0.4728760755612699,3.1,29086165,74.54875877756898,8.730590446048858,0.12300959351201662,12.378844822470576,0,3.1521981010780338,1.0665982593215309,0.21078528335476215,0.855812975966769,49.725237365245775,38.83168101326175,15.12378148952379,33.97525924927835,NA
Sussex,2007,51.8,78465.604,24.08450071957644,37.33586255700582,24.883039786129896,21.434187765371917,9.641846202233054,89983.21142481943,3648272,46.49517513431745,151478,0.8252023396136734,3.9,4019828,93.09668730772783,1.8464727551195552,0.3162175365399596,1.6385217655369095,0,2.3184884933785765,0.7836121416971441,0.1657006297944256,0.6179115119027185,49.909557823578346,36.41093779658557,16.558546688848942,34.41453311151059,NA
Union,2007,45.6,239244.048,22.073647976396053,35.82479509675706,20.19296559011268,18.55576053097294,10.8850607564459,70505.06139198948,11581116,48.4071227552545,524658,1.3250536539993671,4.5,30020364,57.87026977573962,21.65067529705065,0.14104426121397176,4.484063904486351,0.07033153025399402,14.603799046235832,1.1798161850195747,0.3118221774946727,0.867994007524902,48.66293852376214,38.82718676199727,17.717912818630396,30.78082516623842,NA
Warren,2007,65.2,71548.524,23.830649644149194,36.3301041708889,23.945793306581276,20.018104927512734,9.8198965046681,75518.63755745238,2615104,36.550076141333115,109737,0.9422528408832025,3.8,4095694,92.52212107128862,3.2204270209683155,0.08474807949916618,2.408485743185981,0,0.932228874490828,0.8319892105670831,0.01913666311271494,0.8128525474543682,48.190674066176406,37.8114382785957,16.12243613942368,32.14105951931546,NA
Atlantic,2008,91,246319.71000000002,42.33396507327814,32.78760720931,25.730234401664703,17.1088993361005,7.359595714930582,58127.2032880177,11459000,46.52084073986608,270681,1.804707386185214,6.8,14654676,65.3976451985917,16.963510553012586,0.15183924989193923,6.286366608664812,0,8.292048573782424,2.908589816056539,0.2608236263350586,2.64776618972148,48.76478216055061,37.36278413065877,18.20153401935968,30.193215207906686,71
Bergen,2008,48.9,437576.76,18.867954047650976,24.34684400454314,21.546999276356672,28.510269185733524,16.40354058073575,90849.67720518494,16883800,38.58477310358073,894840,0.6680523892539448,4.4,60874141,75.51841670019222,5.629162755352912,0.10605247865540209,14.360332573420948,0,2.3789727772562697,2.0070627151222564,0.45360064369049213,1.5534620714317644,48.654731572124625,34.71693043920122,16.859572032388634,32.71804795994058,83
Burlington,2008,67.3,299804.675,32.03311072450755,29.841627772825003,28.10812050972783,20.98923645707693,12.305967801143217,85454.57793234271,14269950,47.59748993240349,445475,0.9803019249116113,4.9,22584237,75.51961389528033,15.883495145631068,0.22021437791121837,4.155339805825243,0.01167293338571188,1.7929176721477074,2.4167461698187327,0.3371681912565239,2.079577978562209,49.505359447780464,35.25388267482096,19.290944832105207,31.161794403123768,62
Camden,2008,94.2,487234.428,42.26400429979468,33.18970056517008,25.01491908589883,17.66156492435146,9.911831127648869,67359.8716408473,21860380,44.86624660275443,517234,2.432168032263927,5.9,22160184,66.83164679816099,19.263234822150128,0.6325956916985349,4.412316282378962,0,6.618667759660038,2.2415386459513487,0.5713081506629495,1.6702304952883995,48.513438791726756,38.48815359070979,18.987396308705925,29.941637916463673,108
Cape May,2008,107,102546.66,40.27296062104802,38.46384810054189,26.339343160663987,18.688608970417924,7.726512346120301,66378.14226999684,3859680,37.63828095425048,95838,1.5181869404620296,7.9,4684213,91.12982324338988,3.8565078570087024,0.6437947369519397,0.4820634821260878,0,1.618355975709009,2.269454704814374,0.09286504309355371,2.17658966172082,48.32947265176652,31.427339855316916,17.19329809962892,30.50714044754301,10
Cumberland,2008,90,141147,37.26570171523306,41.22380167822522,22.978849764358788,9.30208053948427,4.357446645465343,56072.190009484664,5844380,41.406335239147836,156830,2.890390869093923,7.9,5691220,68.21590256966141,19.19084358859912,0.7830134540585346,1.1713320155582478,0,7.891984951858701,2.74692342026398,0.5987374864502965,2.1481859338136835,51.354332716954666,36.205084445924435,22.85295066443281,29.000905335234187,19
Essex,2008,45.6,351427.8,17.261063353553702,27.82372278207307,21.79369030806425,19.561600880867463,12.528025787714132,60784.49098956687,13302670,37.853209108670406,770675,2.870470691277127,6.4,48081527,44.37110325364129,41.23644856781393,0.2435527297498946,4.52564310507023,0.06967917734453563,7.664579751516527,1.8889934148635936,0.2704123009050508,1.6185811139585429,48.16816427158011,39.88998133056881,19.375806104304626,29.117430944193714,125
Gloucester,2008,86.4,248711.04000000004,42.08545820885153,35.153756021351384,28.49524801458144,18.591329254003387,8.534305428980602,78137.93645273474,12114720,48.71002107505963,287860,1.2162162162162162,5.3,12721696,84.15896616410755,9.8131035920239,0.11568123393316196,2.4004724518863334,0.01806433683040367,1.7348711179045369,1.758841103314111,0.0142430348085875,1.7445980685055231,48.94497325088585,36.13012980633877,19.56799108667134,31.793268280410445,57
Hudson,2008,38.9,231617.991,14.923359852473636,27.87166030766832,19.286768897919803,21.231745289224783,11.971484399744666,61181.59500474233,8885652,38.36339293695022,595419,2.604552424427168,6.2,34867107,60.81364551685452,13.41257165122376,0.2834978393366688,11.461004771429868,0,11.844432240153573,2.184847981001614,0.7631600603944448,1.421687920607169,49.672919406334024,34.2772734443345,22.58400378608613,32.392261469402975,73
Hunterdon,2008,42.5,54838.174999999996,19.708752160333564,21.237982909026172,23.38548157379384,28.84880719245149,21.689736514153463,113266.19886184002,2543040,46.37353449490251,129031,0.46655454890685183,3.7,6611341,90.64643380272958,3.1101053235269043,0.06975068006913067,3.485983988343886,0,1.729041858158117,0.9586843471723848,0.2968278940719672,0.6618564531004177,49.076578496640344,34.590696675081915,15.511360584412095,35.78718375678144,11
Mercer,2008,59.3,216375.61899999998,21.36241617175917,23.986361769817535,23.423494423175036,20.75599264995624,18.23325189661823,81406.3231109706,7794782.5,36.02431057632238,364883,1.8312719419649588,4.7,25521477,66.95351660669311,19.82745153926053,0.45959937843089427,8.18043043934631,0,2.572331404861284,2.006670631407876,0.37217409416169017,1.6344965372461857,49.3338960707953,35.939599043245856,21.367353339043902,30.273498752568585,56
Middlesex,2008,49.6,391394.592,24.552226454881627,27.946915291886565,21.840398324197515,23.510723095927982,14.825336501592314,85133.58552007587,19374211,49.50045656226134,789102,0.9121761191835782,4.9,50960581,63.7940342313161,9.820656898601197,0.12507888714006554,19.15835975577302,0.00684322178881817,5.2998218227808325,1.7952051825999682,0.53884035270472,1.256364829895248,49.48118240734404,36.102535618791734,19.949752638309416,31.67133833654107,96
Monmouth,2008,65.4,420160.992,26.633612370184046,27.735917664712,25.48168536946856,24.1222417586464,14.368860985556342,91263.32722099272,17110711,40.72417793606123,642448,0.8847408661868352,4.8,29755221,83.96523921002166,7.630033870445546,0.30259258336861505,5.051770726969342,0,1.289287226359176,1.7610763828356537,0.16390431599133315,1.5971720668443206,48.97983961347844,36.77827619352772,16.982270639752215,32.035138310370606,102
Morris,2008,51.3,250112.124,21.151619943062016,22.995574596441053,22.493247729464535,28.55331664919138,17.987327663128546,109982.36926968068,10312430,41.23122795918522,487548,0.4984124640035443,3.9,43966978,83.22380565605847,3.0376496262932062,0.2883818618884705,8.524699106549509,0.00861453641487607,3.1861478254448796,1.7307013873505788,0.6836249969233799,1.047076390427199,49.278840237268945,36.82691704481295,15.518286945065976,33.12875096714833,40
Ocean,2008,81.4,463256.35400000005,33.06175772388866,37.58412115464167,27.70221867968884,16.570984633700927,7.614793215824362,65473.627568763826,18815810,40.616409980207195,569111,0.8841860375216785,5.8,15938079,90.93639026481652,3.3330931927163596,0.08030067948080427,1.7200510972376215,0.02055837964825842,2.526923570270123,1.3826828158303035,0.4313745473202943,0.9513082685100096,48.016994927175894,37.24794514257726,17.095495385180538,27.277486109623013,116
Passaic,2008,48.8,239582.62399999998,17.616814815418333,34.63097134764686,20.853880585691524,18.225728953291352,6.860569506613054,62671.83812835915,8648940,36.1000303594638,490948,2.1983998305319505,6.6,21526127,58.7316783040159,12.75084122962106,0.2731450173949176,4.811914907485111,0.03544163536667834,21.690280844407148,1.7066980617091831,0.26336801453514425,1.443330047174039,48.82920390754214,40.12407636417201,18.60734386829133,28.998311163789708,48
Salem,2008,77.7,51391.557,31.317186011702272,39.51794464309363,30.585352933386307,10.82858782501214,5.2266807928309715,66404.61587100853,2071350,40.30525870231953,66141,1.9397952858287597,6.1,5969931,80.92106257843092,16.6129934533799,0.05291725253624832,0.4157784127848082,0,1.363753193934171,0.6334951089339441,0.15875175760874496,0.4747433513251992,49.07394808061565,35.49967083607637,19.583936800526665,30.064516129032256,14
Somerset,2008,41.6,135018.208,15.321721822881845,23.447902571041947,20.46278755074425,27.5787099684258,21.183130356337394,110977.33544103698,4972864,36.8310620742352,324563,0.4914300151280337,4,29055352,73.87348527096435,8.116143861130197,0,12.765164236219162,0,3.444015491599474,1.8011911400868243,0.2920850497438094,1.509106090343015,49.25977391138238,38.4275444256564,15.48129091154289,33.00362044461964,29
Sussex,2008,52.1,78623.589,30.564313592959994,33.47276671498196,30.633189684523863,19.02487426675876,10.237652849791337,87206.24786595005,4612430,58.66470939147791,150909,0.8561450940633097,4.9,4134199,92.96198371203836,1.8395191804332411,0.10933741526350316,2.1635555202141687,0,1.8302420664108832,1.0953621056398226,0.38698818493264153,0.7083739207071812,50.10569283475472,35.59289755223212,16.258331933008456,35.346440374166804,26
Union,2008,48,251159.52,19.66113647613278,31.192970500589063,21.933112338007348,18.764582226431656,12.379299591120146,74501.12551375276,10287670,40.96070099194329,523249,1.3349284948466218,5.6,31043177,60.9447891921437,21.636543978106022,0.2396564541929368,4.448933490556121,0.05943632954864701,11.2023147679212,1.4683257875313664,0.6356438330508037,0.8326819544805628,48.745625887483776,38.74730948556714,17.675785695241935,31.243781741567553,57
Warren,2008,67,73616.92,26.88348683971022,36.04804628654464,25.222967298129607,18.850568583274452,9.279972270733628,84238.99841922225,2953850,40.12460722344809,109876,0.9783756234300485,4.9,4320384,91.38483381266155,3.6796024609559863,0,2.612945502202483,0,1.1067021005497106,1.215916123630274,0.31399031635662017,0.901925807273654,48.838690887910005,37.32595280181102,15.162650789220702,34.127205631531616,17
Atlantic,2009,89,241823.68,38.725496113531975,35.85142128634247,26.11633912075802,15.233315686549908,7.912421534837992,58516.02030456853,10522182,43.511793385990984,271712,1.8799316923801674,11.9,13131644,68.07318042633376,16.338991284889882,0.2513690966906136,6.5194028971852545,0,5.789586032269462,3.027470262631021,0.5759775055941585,2.4514927570368625,48.64120833824049,36.70676252413372,18.102835077736003,30.29544761711208,72
Bergen,2009,49.1,439567.75,18.6162401563809,24.570092128253783,21.308595279925697,27.39292868093378,17.02510307078193,89549.52411167513,16666189,37.91494940199776,895250,0.6823792236805362,7.8,61003612,74.30494275342083,5.814688634459648,0.2392627757609606,14.844791957553754,0.00703714046355766,3.276403239318626,1.5128734990226194,0.40815414688634455,1.1047193521362748,48.81977101368333,35.13205193758813,17.015099397263672,32.67191155735292,113
Burlington,2009,71.1,317182.788,32.17431653321617,30.0323807211682,26.692278165814223,22.558569080512186,11.048485782993396,82934.5926395939,14353220,45.25220328159799,446108,1.002896159674339,8.4,22324992,75.53260645404252,16.250325033399985,0.10557981475337812,4.265559012615779,0,1.5933361428174344,2.2525935423709056,0.15893012454383243,2.093663417827073,49.782339702493566,35.4356603529689,18.961623565731145,31.946271471261397,71
Camden,2009,92.1,476966.55899999995,42.31769197051821,31.97192734272181,26.95543277230535,17.601938764269686,10.057919423008912,67462.1173857868,21915444,45.94754828503606,517879,2.497108397907619,9.9,21564882,66.20040588631707,18.970840679000307,0.45338776046142054,4.756902674176787,0,6.779575924105824,2.838887075938588,0.48640705647458193,2.352480019464006,48.442010585484255,38.10758327662611,19.416773165590612,29.713365753265506,142
Cape May,2009,102.7,98686.48400000001,39.625046830121136,35.490065000640044,27.08122946506038,16.93003541610366,8.499864878319372,55549.4847715736,3807650,38.58329778979662,96092,1.6234441993089956,11.2,4620203,90.61212171668818,5.9307746742704905,0.4121050659784373,0.19356450068684175,0,1.8763268534321271,0.9751071889439288,0.337176872164176,0.6379303167797526,47.63247720934105,31.058957130689883,16.52881612567427,29.433140910381375,15
Cumberland,2009,91.9,144967.655,36.91673270151193,38.99407596701126,22.494869709993417,11.189840089828476,4.523367019011112,54193.51237309645,5823430,40.17054700926217,157745,2.9249738502012743,12.5,5747310,64.1491013978256,20.78734666708929,1.1550286855367842,1.0466258835462297,0.0266252496117151,8.506133316428413,4.329138799961964,1.6418903927224318,2.687248407239532,51.55218865891153,36.84118655727942,22.670472630941255,28.974956618168004,29
Essex,2009,43,330946.92,16.80712121448358,30.359130414189973,22.126640932736557,18.857405609365255,12.138165944379978,59867.565038071065,12935500,39.08632840577577,769644,2.9213506504305884,10.3,47863551,44.39338187525661,40.50587024650358,0.27376293455155887,4.3292743138386065,0.05742914906112437,6.251201854363836,4.189079626424685,0.8719615822380218,3.317118044186663,48.28193294562161,39.46085122912158,20.131402252927142,28.971755174518616,133
Gloucester,2009,83.8,242952.96,40.38348509933775,34.726460163353366,27.735141521549288,19.076385678327423,8.731699799660966,78023.20526649746,11707980,48.19031634765841,289920,1.234823399558499,9.2,10587855,84.12148178807946,10.077952538631346,0.01793598233995585,2.1599061810154527,0,1.131346578366446,2.491376931567329,0.2000551876379691,2.29132174392936,48.700331125827816,37.12952685095597,18.710489294639306,31.210266699116147,49
Hudson,2009,39.4,235582.05599999998,15.904579846268087,25.23587142044377,20.228285605916938,22.6796889816044,12.552152474871988,62811.962246192896,9509730,40.366953924538294,597924,2.6155498023160133,10.5,35826301,59.98705521103016,13.679330483472816,0.55358206059633,11.427372040593788,0.00535185073688294,11.765542109030578,2.58176624453944,0.8052862905653562,1.7764799539740836,49.578541754470464,32.69173677823991,26.9571433100733,29.232707012886692,83
Hunterdon,2009,41.2,53574.008,16.779611486226678,22.376302156494766,23.505680605032193,27.75686336206412,20.24228258060166,111498.5663071066,2181920,40.72721234521038,130034,0.48141255363981733,6.7,6602910,90.99312487503268,2.953073811464694,0.03614439300490641,3.247612162972761,0.05613916360336528,1.3927126751465002,1.3211929187750897,0.03691342264330867,1.284279496131781,50.079979082393834,36.27464962207154,13.005147087422698,35.25690059768446,4
Mercer,2009,58.6,214606.09199999998,21.672701257707075,24.344927140594045,23.689337254464007,20.656665301716114,17.42504146554327,79310.54885786802,7937020,36.98413183909057,366222,1.9247887893135858,7.6,25075401,65.86414797581794,19.479714490118017,0.12915663176980083,8.109561959685657,0.07345271447373451,4.182162731894862,2.1618034962399855,0.15919305776277778,2.0026104384772077,49.306977734816584,35.81381034096844,21.27975080205924,29.961575766619415,54
Middlesex,2009,52.4,414346.712,26.90314870412197,28.65582764493928,22.459709681106418,22.475074434736335,14.66959221569116,83606.49079949239,21273342,51.341886839927426,790738,0.929511418447071,8.5,49513864,64.52263581616161,10.122821971373575,0.2178977107461637,19.40276045921658,0,4.0013253441721535,1.7325586983299148,0.4019030323571144,1.3306556659728,49.42079424537584,36.37701427960703,20.481257344427043,30.62156141176268,106
Monmouth,2009,67,431550.35000000003,27.07673438336917,26.802871621233063,24.528623052558213,24.31493063622374,15.05024877109609,89165.4241751269,17440260,40.41303639308831,644105,0.8930221004339354,8.3,28960647,82.68915782364677,7.559637015703961,0.280854829569713,5.316679733894318,0.01195457262402869,2.070625130995723,2.07109089356549,0.18273418153872423,1.8883567120267657,49.036104361866464,37.091783388443346,16.261789385970033,32.2037991412391,119
Morris,2009,51.8,253052.32400000002,19.603513074236773,22.309614973937578,21.115525865413822,30.20864977697303,19.762325135124566,107135.10247461929,9576669,37.84461983443392,488518,0.5054061467540603,7.1,44227401,83.4106419824858,3.163854760725296,0.36027331643869825,8.775111664258022,0.08945422686574497,2.2537552352216297,1.9469088140048063,0.9076431165279478,1.0392656974768586,49.5420844267765,37.03480394195185,15.69157414722719,32.70232996520992,40
Ocean,2009,82.9,475579.06200000003,32.280582487039766,36.7311507936508,27.489428010261346,17.16319945486612,7.605569584736252,66089.54124365482,18518660,38.939182734667995,573678,0.9191567394949781,9.5,16054015,91.32335561063871,3.357458365145604,0.09656985277455296,1.8634146681587929,0.01080745644769365,1.6875320301632624,1.660862016671373,0.45321591554844354,1.2076461011229296,47.929849148825646,36.99582627080029,15.871410258746907,27.070613179749817,115
Passaic,2009,50.4,247856.112,18.752923066912306,34.241057242371944,20.120815238047765,17.54842890344127,7.578212133862536,57369.25507614213,9222275,37.208180688318066,491778,2.23881507509486,11,20580500,63.510771120302245,12.44036943498896,0.28671473713748885,4.7881361101960644,0.01789425309794257,17.824506179617632,1.1316081646596634,0.4121778526082907,0.7194303120513728,48.95684638190403,39.474685692539246,19.654887493871563,28.443153805803078,61
Salem,2009,80.8,53604.335999999996,34.96623556721232,38.343633021020224,29.189093405984895,14.41513278844663,4.616032073005958,57456.70145939086,2319730,43.27504401882714,66342,1.9957191522715623,10.6,6112947,79.83931747610865,15.097524946489404,0.09044044496698923,0.2999608091405143,0,2.4750535105966054,2.1977028126978384,0.08441108196918995,2.1132917307286485,47.0501341533267,36.52317704166,17.68016215927882,29.524723955832933,17
Somerset,2009,42.9,140226.801,14.920356473082489,23.314221837588345,21.19663204961777,26.958026828212898,21.786203663637675,99479.66973350254,4877002,34.779385718141,326869,0.5124377044014574,7.3,28025411,72.60676295396627,9.02624598845409,0.29583717024251305,13.129724752117822,0,3.5788037409482087,1.3626253942710993,0.26432607558379656,1.098299318687303,49.39379384401702,38.02171638829768,15.902848279025186,33.65473313166398,38
Sussex,2009,54,81603.72,24.930319353088315,32.758671240507816,31.52236588774543,19.69683642654001,8.961992161921795,88686.12944162436,3767420,46.16725806127466,151118,0.9138553977686311,8.6,4106346,93.7399912651041,2.1036540981219973,0.09926018078587594,2.4199632075596553,0,0.7616564538969547,0.8754747945314257,0.3374846146719782,0.5379901798594475,49.94573776783706,36.14566312068563,15.19880837251698,35.20525561076467,25
Union,2009,49.6,261107.296,20.19049211095197,32.10126294554701,22.44434657839781,18.62539245073944,12.041312099558182,72226.28489847716,10628800,40.70663732046768,526426,1.376071850554494,9.3,30194448,59.85703593667486,21.62127250553734,0.11036688917340708,4.648136680179171,0.01557673823101442,12.303913560500432,1.443697689703776,0.5127026400671699,0.930995049636606,48.9335633118425,38.49049676999672,18.560764638065734,30.395200401898713,62
Warren,2009,66.2,72580.356,26.110199018588446,33.342229220319986,26.379418475867684,19.663468595294965,8.614776957873527,78770.37373096446,2862670,39.44138824560188,109638,1.006950145022711,8.7,4388573,90.57169959320672,3.710392382203251,0.05654973640526095,2.7919152118790933,0,1.2687206990277091,1.600722377277951,0.47246392674072857,1.1282584505372224,48.44853061894598,37.42014042633943,14.559744449364286,32.88474919349738,13
Atlantic,2010,83.4,229087.29,38.43300507854452,35.6081256490135,27.47490481135341,16.320526133610247,6.676185531325718,57247.25936329588,10556970,46.082739902331554,274685,1.9575149716948503,12.3,12855711,67.25376340171469,16.020168556710413,0.20168556710413743,7.784553215501393,0.2606622130804376,5.685785536159601,2.7933815097293264,1.5446784498607495,1.2487030598685769,48.302237107960025,36.48085496569387,17.561577133461917,30.715527871755143,63
Bergen,2010,50,453270.5,19.811348852396087,26.76254189029153,20.54955023055409,28.15799254163832,16.124455111245496,84272.85299625469,17959800,39.622697704792174,906541,0.7030018498887529,8,62312967,73.52629390176506,5.494621864868771,0.2273476875287494,14.4603498352529,0,4.393733984452992,1.8976527261315264,0.4902150040649017,1.4074377220666243,48.15391692157332,35.82331442876791,16.705815085534145,31.80120072321553,99
Burlington,2010,72,323387.27999999997,34.52431153136264,29.95395438211058,27.071647759124065,22.338119355685382,12.846435758100109,80940.66198501873,15506560,47.950432682448124,449149,1.049762996244008,9,22656400,74.51736506148295,16.663735197005895,0.1193367902411004,4.341321031550778,0.03139270041790141,1.4293697637087024,2.8974794555926877,0.5512647250689637,2.3462147305237235,49.17343687729462,35.98605345665764,17.87196828803507,30.745024956369317,82
Camden,2010,91.8,471491.22599999997,45.36903118532263,32.05676573049116,26.085802148554887,18.422020061737403,10.07959339678242,62453.535580524345,23301852,49.42160259839067,513607,2.6321681752779846,10.9,21647191,63.37510976291211,18.948145177149065,0.4337947107418707,5.034783404431793,0.00661984747092621,9.014285241439469,3.1872618558547687,1.2013076145769042,1.985954241277864,48.28224693199275,38.11679067393699,18.983185151360498,29.220500147734292,146
Cape May,2010,101.6,98809.048,40.674734969615336,37.18274111675127,25.40999609527528,17.671668433089753,9.726948178724829,58141.28838951311,3955740,40.03418796221982,97253,1.690436284741859,14,4700713,91.37918624618264,4.147944022292371,1.6637018909442385,0.9963702919190154,0,0.2796828889597236,1.5331146597020144,0.17068882193865487,1.3624258377633596,48.49516210296855,30.140855403125233,16.908150539212087,29.190815053921206,9
Cumberland,2010,93.1,146305.71899999998,39.840342604789086,40.51652693456683,23.00472198130481,9.256047027079116,3.9423725546882538,56210.57771535581,6260870,42.79306402232985,157149,3.0467899891186074,13,5724626,61.79231175508594,20.410565768792672,0.6560652629033593,1.3121305258067186,0,11.604273651120913,4.2246530362904,1.30385812190978,2.9207949143806196,51.84888227096577,36.12915236007115,21.62019608654284,29.843213502668263,21
Essex,2010,44.1,345844.548,17.460993486588084,28.5121147622241,22.292328775111525,20.044901886462373,12.19815144181707,57054.51498127341,13693400,39.59408953874849,784228,2.977577949269855,10.8,49106940,43.57444518685893,40.72552880029787,0.33905955920982167,4.632453827203313,0.00510055749093375,5.710839194723984,5.012572874215151,0.8832890434924536,4.129283830722698,47.962072254497414,39.2714692446663,19.69544306075992,29.41013770258612,148
Gloucester,2010,84.2,242985.20200000002,43.58003472162062,34.37615939719184,27.967664902205662,19.412554671292938,8.277638722690481,76786.3127340824,12576370,51.75776095204349,288581,1.3271837023227449,10.3,10867252,82.97601020164183,9.971203925414356,0.1427675418686608,2.6373877698115953,0.0391571170659191,1.8795416191641168,2.353931825033526,0.5682979821956401,1.785633842837886,48.61997151579626,38.0802910595495,18.028333125263803,30.20040068246806,75
Hudson,2010,40.6,257929.36400000003,15.561634455858233,26.642482321152684,18.82907838586509,23.29456124469975,12.782765137335774,59693.04400749064,9886213,38.329148906054755,635294,2.5126949097583164,9.6,36890482,51.40297248203194,13.04592834183858,0.21029633524006203,13.341854322565617,0,18.690716424206748,3.3082320941170544,1.3291483942867397,1.9790836998303147,49.38028692227536,32.62999801019977,27.41263277827901,29.459401260933674,87
Hunterdon,2010,48.6,62389.278,17.437311584211635,21.62104338621955,23.560079723445224,27.89419752947403,20.125665769590235,106580.02059925094,2238480,35.87924194282229,128373,0.5024421023112337,7.4,6531210,91.57299432123578,2.462355791326837,0.16202784074532808,3.094887554236483,0.07945596036549742,1.191060425478878,1.4372181066112033,0.08257188037983065,1.3546462262313728,49.903795969557464,35.88223671211223,14.380557202133966,34.701969307778434,8
Mercer,2010,59.3,217505.87699999998,22.994650875571512,27.173582892090465,21.809300989204942,20.64565119238189,17.8652054344703,77267.62921348315,8434185,38.7768142927007,366789,2.048861879718312,8.4,25574109,62.47242965301577,20.68518957765909,0.21429214071305305,8.8238742165114,0,5.70627799634122,2.0979364157594693,0.634969969110306,1.4629664466491634,48.92349552467495,35.61571025399812,20.704609595484477,30.889934148635938,61
Middlesex,2010,55.9,453341.17399999994,28.563373473771435,27.330995461778745,21.013585194789886,24.23122826663523,16.118789414746274,83242.70505617978,23164496,51.097269183848724,810986,0.9399669044841711,9,50182285,63.58112223885493,9.187951456621938,0.1822472891024013,21.635885206403067,0.02811392551782645,2.756644381037404,2.6280355024624344,0.802233330784995,1.8258021716774395,49.124275881457876,35.772938840332685,20.75486860219465,30.490169748158614,89
Monmouth,2010,68.6,432842.676,29.23150534260166,26.334055394025047,25.045003301400488,25.536390700476097,15.413022576945798,88004.68913857678,18444086,42.611523823034496,630966,0.949496486339993,8.7,28979642,83.26597629666259,7.301185800819695,0.04374245204971425,4.954308156065461,0,1.6235423144828725,2.8112449799196786,0.4583448236513537,2.352900156268325,48.67885115838254,37.15145693593193,15.971445256430547,31.8823099215727,145
Morris,2010,51.7,254722.798,20.24003945653895,24.14774481296692,21.38495326745598,28.324419996060296,19.637076738982792,99605.28745318353,9972146,39.149012488469914,492694,0.5248693915493186,7.4,46328991,82.44265203148404,3.241565758868588,0.14938278119887802,8.919329238837898,0,3.630651073485774,1.6164191161248158,0.6436043467141878,0.972814769410628,48.913727384542945,37.114319276564096,15.644092890059706,32.73637823297583,56
Ocean,2010,85.1,491540.153,34.874199060600446,38.851082368140375,26.763761823926767,16.752044306237828,8.00747116939825,62209.61048689139,20143442,40.98025741551169,577603,0.9613869734056091,10.3,16413293,90.92871747549788,2.892990514245944,0.01835170523698803,1.5344449388247636,0.0555745035950298,2.6184074528698775,1.95151340972952,0.4991317565871368,1.4523816531423832,47.787667307822154,37.45984157254811,16.10810059327182,25.885752107278535,141
Passaic,2010,51.3,257454.18,19.928067588570517,34.53406565710896,21.553247663335966,17.94982127324754,8.910827183678236,58795.74812734083,10001100,38.84613565023493,501860,2.2548120989917506,11.4,21169683,67.7989877655123,12.101183597019087,0.27597337903000835,5.238313473877177,0,12.654126648866216,1.931415135695214,0.6958115809189814,1.2356035547762323,48.55537400868768,38.66853209697514,20.092182213053924,28.962507574055543,69
Salem,2010,80.6,53242.74799999999,40.411456598746554,39.10803880031219,26.185750919834987,14.717359794848925,5.556918274055079,61370.029026217235,2669500,50.13828362127365,66058,2.1072390929183444,11.6,5841138,81.49353598352963,15.207847649035696,0.06206666868509492,0.5252959520421447,0,1.3518423203851162,1.359411426322323,0.21344878742922888,1.145962638893094,48.7586666262981,36.617246437552396,15.876466890192791,31.682208717518865,16
Somerset,2010,43.8,141996.97199999998,16.278863890139853,19.792186986711307,20.8956029862433,27.507998865983556,23.231136851484347,102655.44007490638,5277510,37.16635591356132,324194,0.5496708760803717,7.6,27358902,69.75884809712703,8.485968278253145,0.1668753894273182,13.759970881632604,0.06354220004071637,5.342480119928191,2.4223150335909978,0.3781686274267877,2.0441464061642103,48.93890695077639,38.951550346967444,15.187949432902156,33.426801400448646,37
Sussex,2010,60,89543.4,26.956023559525324,30.943129293888504,28.81907770424132,21.24245389974709,10.932276475547244,91597.13951310862,4022890,44.92670593254221,149239,0.9514939124491587,9.4,4176131,93.8548234710766,1.905668089440428,0.19900964225169024,1.6798558017676344,0,0.7900079737870127,1.5706350216766394,0.3062202239361025,1.2644147977405369,49.281354069646675,36.56823623304071,14.537680994185383,34.276593318891805,25
Union,2010,50.2,269905.822,20.035516803338908,29.526402104509547,22.792748543853666,20.02613987329654,11.5195813180379,72594.93913857678,10772316,39.91138805445998,537661,1.4140880592045917,9.5,31343788,59.36882161808277,21.44455335239119,0.10210894969134826,4.332283725246949,0.11140848973609764,12.832249316948785,1.808574547902861,0.4646050206356793,1.3439695272671814,48.41786925218678,38.351245327826206,18.43589506241801,30.538062057320513,43
Warren,2010,71,77186.94,28.174292179480105,36.72582880289948,25.330455175354437,20.430924208506557,8.435934335358704,78221.55056179776,3062940,39.68210166123958,108714,1.0605809739316003,9.8,4487528,91.50339422705449,3.949813271519768,0.1085416781647258,2.392516143275015,0,0.7000018396894604,1.3457328402965578,0.430487333738065,0.9152455065584928,48.491454642456354,37.246024734982335,15.377334679454822,31.906234225138817,13
Atlantic,2011,83.4,228797.89200000002,40.97430906400134,31.723543048142755,28.56380397865114,14.796484985713516,7.903930131004366,53658.81422087745,11240810,49.12986698321503,274338,2.0533065051141293,12.5,13525767,65.34639750964139,16.172750402787802,0.6641442308393296,7.810802732395803,0.02150631702498378,6.739861047321188,3.244537759989502,1.6067770414598048,1.6377607185296972,48.522260860690096,36.324067161818476,18.034871509369502,29.51615148102691,59
Bergen,2011,50.9,463701.036,22.176576612177335,24.400738515458755,20.371291776192265,29.085930654650145,16.954718988609336,83685.32768532526,20202950,43.56891279406156,911004,0.7210725748734363,7.7,62907637,71.85072732940799,5.848163125518659,0.11218392015841865,14.764808936074925,0.02546640848997369,5.649810538702354,1.7488397416476766,0.3939609485798087,1.354878793067868,48.25467286641991,35.448386867524725,16.803391256412866,31.59768973537982,109
Burlington,2011,72.2,324593.872,36.55061658095628,30.60146367469588,27.433399570267692,22.35545000726991,11.71198242297937,76954.35521936459,16432280,50.6241226883051,449576,1.0934747406445184,8.7,23029134,73.60646475790521,16.442381265903876,0.0831894941011086,4.545838745840525,0.04582095129633255,2.220981547057672,3.0553232378952613,0.556524369628272,2.4987988682669893,49.0967044504155,35.417566085817,18.221690742445833,31.02470744203283,108
Camden,2011,90,461916.9,47.276219164096396,31.587471743841903,26.676143646151335,18.09559320453963,10.586446365733728,61001.02148260211,24264094,52.529132404551554,513241,2.7125658316463417,10.8,21612235,64.91531268936036,18.461307650791735,0.2164675074672522,5.277053080326786,0.05708819053816822,7.801208399173099,3.2715624823426035,0.9223736996849432,2.34918878265766,48.28959494662352,37.82532789284068,19.260151306693757,29.127715901331083,180
Cape May,2011,98.6,95248.586,43.39458183662695,33.5443567504253,26.429985776835764,18.540312909613185,10.282511085701538,56220.93313161875,4191960,44.01073208582855,96601,1.760851336942682,14.8,4741626,90.9833958772426,4.924690279134324,0.5346219092170873,0.868760602477767,0.01130930961805377,1.3684264637845065,1.3087955585256772,0.3331105742044929,0.9756849843211844,48.38045154812062,30.09764080686979,16.062004670577203,29.466929003548902,19
Cumberland,2011,95.4,149868.63,46.33680257169229,39.188236191057065,24.24999047001868,11.486486486486488,4.041665078336446,54417.843267776094,7279280,48.571071878084155,157095,3.1458671504503646,12.9,5698902,63.15095961042682,21.275661224100062,1.6187657150132084,1.4940004455902478,0,9.39431554155129,3.066297463318374,1.6174926000190968,1.4488048632992774,51.02644896400267,35.4778662037376,22.277067232778727,29.387281302615477,26
Essex,2011,44.6,350171.102,19.871538342989822,29.355678836639655,22.723285602253913,18.970828855519088,12.344438312662774,53848.83540090771,15601880,44.555018706255204,785137,3.0570460951400835,10.8,49438607,44.215468128492226,39.65957533525996,0.19983773532517257,4.646577603653885,0.01375556113136943,8.213980490029128,3.050805146108259,0.7061188047436306,2.3446863413646284,48.006526249558995,38.901827655627045,19.842585648056772,29.531528923626187,156
Gloucester,2011,85.7,247762.128,47.982698267751395,33.26440513239384,29.068228579699955,19.055201149722393,9.263950206267642,75850.12102874432,13871990,55.98914617007164,289104,1.3894653826996513,10.2,10805637,82.67785987049643,9.92168908074603,0.341053738447064,2.9895816038519007,0.03216835464054458,1.7799822901101332,2.2576650617078977,0.1200260114007416,2.137639050307156,48.39192816425923,37.70656789123586,18.207749980645893,29.62191004210263,72
Hudson,2011,40.9,262260.616,17.821385350517136,26.43340207199015,20.13990513618521,23.179300653054476,12.754558311307918,59694.0980332829,11427500,43.57306931666782,641224,2.5195563484835253,9.2,36907719,54.89298591443864,12.502495227876686,0.3689818222649183,13.656538120843887,0.08608536174566142,15.525775703966168,2.967137848864047,1.1273751450351204,1.839762703828927,49.61604681047497,32.75845397652494,27.202599983884397,29.09672047487309,92
Hunterdon,2011,48.6,62226.468,18.921335853418515,23.960822854079648,22.5067566058386,28.80212637644904,18.45390989703156,104616.16066565808,2422650,38.9327898218488,128038,0.5154719692591262,6.9,6380202,90.2099376747528,2.765585216888736,0.04139396116777832,3.281838204283104,0,2.2844780455802183,1.416766897327356,0.6271575625986036,0.7896093347287523,49.853168590574676,35.00192632152299,14.38895752793166,34.93018745101165,15
Mercer,2011,59.9,219870.737,24.695365645679352,25.834588430251305,23.3639862694438,20.558691597177152,18.294211044036555,78003.69440242056,9064755,41.22765550196887,367063,2.1347834023042367,8.3,26147235,61.41915692946442,20.212606555277976,0.17272239370353318,9.011259647526447,0,7.21946913745052,1.9647853365771,0.5040006756333382,1.4607846609437618,48.95290454227204,35.239685750576285,20.62426494801712,30.26767653008421,87
Middlesex,2011,55.9,455147.30299999996,28.950525474167208,27.940359088748306,22.005521629429182,23.77774527370461,15.213551760705013,78670.87987897125,23572010,51.78984879099679,814217,0.9628882717997781,8.7,50456949,62.84688234217659,9.504345893048168,0.18189254216013667,21.96466052661637,0.08277891520319522,3.087874608366074,2.3315651724294626,0.6275968200123555,1.7039683524171074,49.221153574538484,35.5256674289613,20.761578665858046,30.65477318575983,135
Monmouth,2011,71,448024.19999999995,31.884322208487845,27.129453311636603,24.498840148184055,26.14479105356092,14.181813985158511,83750.77942511346,20119645,44.907496068292744,631020,0.9903014167538271,8.6,28896041,83.99844695889195,7.163322874076891,0.33469620614243606,5.065291115970968,4.754207473614148e-4,1.282843649963551,2.1549237742068397,0.3546638775316155,1.8002598966752243,48.719058033025895,36.433279252313945,16.326904714350988,31.861198738170344,140
Morris,2011,52.1,257882.496,22.032138931988623,25.30187167722671,19.445342655305513,28.43288908309664,20.189061248270335,96416.74674735247,10905380,42.28817453356741,494976,0.5470972329971555,7.1,46469787,81.59062257564003,3.275512348073442,0.06768004913369538,9.115189423325576,0.02404156969226791,3.988274178950091,1.938679855184898,0.5386119731057668,1.400067882079131,48.877925394362556,36.433279762297325,15.826943569913674,32.13220822587307,64
Ocean,2011,84.9,491884.2810000001,36.752722358289795,37.73526050218853,25.9623782834156,17.012871637977074,8.360825102439073,60098.42087745839,21293388,43.28942562813874,579369,1.0164506557996718,10.4,16859158,91.64366750723632,3.0244973410727876,0.1480921485271045,1.6935666216176566,0.00828487544207577,1.512334971322249,1.9695565347818056,0.30895681336074243,1.6605997214210633,47.85016112356719,37.36889268445236,16.099737785368905,26.00916548389425,180
Passaic,2011,51.9,260541.633,22.127709374570475,36.13060969369778,21.086657454416212,16.0829347656238,8.332695012209806,55298.274735249615,11108265,42.63527817836315,502007,2.296581521771609,11,21291950,68.22892907867819,12.23050674592187,0.35597113187664714,5.289966076170253,0.06474013310571367,9.338315999577697,4.491570834669636,0.9695083933092566,3.5220624413603794,48.642150408261244,38.49313205494356,20.12885896912825,29.026587787297704,56
Salem,2011,79.5,52392.090000000004,41.61633941306789,38.483738483738485,28.01198801198801,13.994893994893994,5.765345765345765,56928.234190620264,2742600,52.34759674599734,65902,2.257898091104974,11.6,5770008,79.33446632879124,15.27571242147431,0.36721192073078207,1.1577797335437467,0.02579587872902188,1.8846165518497164,1.9544171648811872,0.6266881126521198,1.3277290522290677,48.80276774604716,36.476087927095094,16.88683457205137,29.280142868398244,22
Somerset,2011,43.6,141653.348,18.197652765679777,24.05873005214978,20.64459813335124,27.867230690033352,21.63566776337877,101724.671709531,5912290,41.737735701100405,324893,0.5961962861619056,7.4,27166017,69.77928117872654,8.993114656209892,0.13727596470222503,14.650669605069975,0,4.183838986989563,2.25581960830181,0.5232491928111717,1.7325704154906385,48.877630481420034,38.15840606652593,15.599563075695034,32.16960225184065,32
Sussex,2011,62.2,92377.574,29.55533709945663,30.936710835502772,29.65844716802683,23.06724778424547,10.871578865260672,88506.58729198184,4389470,47.516619130959214,148517,0.9850724159523826,9.2,4192151,93.95894072732416,2.1263559053845684,0.00807988311102432,2.032090602422618,0,0.6053179097342392,1.2692149720234047,0.35349488610731433,0.9157200859160904,50.05487587279571,35.71133736929004,15.319436800587049,34.00064208402128,40
Union,2011,51.2,276220.928,22.04165384601126,30.25538265940687,24.429673032807276,18.95525275697189,12.106354163787625,70094.59062027231,11891340,43.05010516799074,539494,1.4533989256599702,9.5,32435134,56.66476364890064,21.40209158952648,0.1547746592177114,4.593192880736393,0.11306891272192092,15.38200610201411,1.6901022068827456,0.4878645545640915,1.2022376523186542,48.63742692226419,38.02914422197378,18.584205711962596,30.11072009350544,74
Warren,2011,75,81254.25,31.63274536408865,35.195159252609884,22.64645255668595,20.081122415054192,11.716204534875988,70301.50257186081,3427060,42.176993818784865,108339,1.0947119689123954,9.1,4382966,89.12210745899445,3.981022531129141,0.12276280932997352,2.527252420642613,0,2.7247805499404647,1.5220742299633558,0.5833541014777689,0.938720128485587,48.57807437764794,36.02320335159523,15.252980986142441,32.84241057041572,22
Atlantic,2012,85.7,236036.654,39.33142595725832,32.071895003651676,25.14982600850625,16.35358938007475,8.776367229453967,52920.11822222222,10832740,45.89431266891285,275422,2.1018655009403755,12.7,13670643,66.48778964643347,16.18135079986348,0.18008728424018414,8.009164119060932,0.02251091053002301,5.968659003274975,3.1504382365969317,1.2725926033504948,1.8778456332464364,48.73067510946838,36.241133859852106,17.818426480205243,28.955178831933196,71
Bergen,2012,48.2,442904.01600000006,20.806616257911738,24.53522179892414,20.785017101860348,29.40345868518055,17.50708329084904,85523.40177777778,19118950,43.16725364711978,918888,0.7307745884155632,7.7,64632393,71.33285014060473,5.493378953691853,0.22864592855712557,15.015975831657396,0.01436518922871993,4.89678829193547,3.0179956643247055,0.7685376237365162,2.249458040588189,48.29315433436937,34.94401166129583,17.166640909550548,31.595204978945944,122
Burlington,2012,72.4,326767.264,35.65904337345126,30.406492059874356,26.38908060182525,22.815301795396103,11.970377408761584,77215.96355555554,16094210,49.25282233902108,451336,1.1206728468369465,8.7,23843473,72.93767835935977,15.625830866582769,0.27917117180991546,4.695393232536292,0.03389935657691831,2.820736657390503,3.607290355743836,0.5497013311590477,3.057589024584788,49.227847989081305,34.884685960544246,18.65544362974638,30.74571522114865,119
Camden,2012,92.9,477077.731,46.04785615113945,30.89795304207925,26.72417285422442,19.672671925367347,9.96105166297246,61282.346666666665,23647370,49.56712179885839,513539,2.8048502645368707,10.7,22365179,63.577644541115674,19.946294244448815,0.24710878823224725,5.367265193101205,0,7.892487230765337,2.969200002336726,0.9989504205133398,1.9702495818233865,48.367699434707,37.46346615006373,19.457701453282077,28.796913835608606,173
Cape May,2012,101.1,97363.344,44.40365924572188,35.55942240496204,22.601422938213048,20.12040246418097,10.628534542035617,58926.3671111111,4276250,43.92053337855775,96304,1.7704352882538628,15.4,4839395,90.76985379631168,3.384075427811929,0.6344492440604752,1.0466854959295564,0,1.5762585147034391,2.588677521182921,0.26374813091875726,2.3249293902641637,48.68022096693803,29.511033379228223,16.531462806534442,29.747330033862983,14
Cumberland,2012,100.7,158889.49500000002,47.280223088379756,39.09770872240181,22.80944571368984,10.451524832443807,3.4762577379203123,48661.98755555555,7460110,46.951562153306604,157785,3.2081630066229363,13.1,5900991,60.35998352188104,20.28393066514561,0.5862407706689482,1.3518395284722884,0,13.220521595842444,4.197483917989669,1.3283898976455302,2.869094020344139,51.56510441423456,35.64313376271046,22.100151179406467,29.413713836022115,37
Essex,2012,43.7,344244.128,18.051867104033796,28.148837710271923,22.574155354072342,18.84994287604679,13.33084578071326,52731.97066666666,14220250,41.308620375363375,787744,3.1102744038672463,10.7,50609681,41.33639862696511,39.82829447130032,0.3219319982126173,4.876584271032214,0.05484015111508308,10.614615915830525,2.967334565544136,0.7668735020514279,2.200461063492708,48.03870292887029,38.62579295053038,19.819991209483263,29.16046191760093,155
Gloucester,2012,87.1,252229.406,48.71578736541131,34.730671900015494,28.092237773072355,20.471517843309407,8.138201724939318,75393.41333333333,14107410,55.93086953548945,289586,1.4569074471832202,10.1,11086343,82.2449980316728,10.26189111352068,0.16644451043904057,2.8406069354181485,0.04489167293999019,2.213504796502593,2.227662939506744,0.6740657352220066,1.5535972042847377,48.61975371737584,37.013723150358,18.18675417661098,30.02625298329356,83
Hudson,2012,37.7,245917.854,16.257032785427608,25.898605003425654,19.801158812468945,23.48970224166953,13.297668584887282,59482.53955555555,10604495,43.12210287911833,652302,2.5034416573918215,8.9,39249245,55.722196160674045,13.28663717112626,0.4845914928974616,14.278049124485284,0.02958752234394498,13.460176421350848,2.7387621071221613,1.3145751507737211,1.42418695634844,49.69645961533155,32.49605671992952,27.232371296086264,28.954753828542493,91
Hunterdon,2012,50.1,63652.05,19.08823297914207,23.3964965659187,23.074341707868182,27.448041343206786,20.37629477169512,108738.94933333332,2425160,38.10026542742928,127050,0.5454545454545455,6.8,6665842,91.49704840613931,2.498229043683589,0.08028335301062574,2.6414797323888233,1.0177095631641089,0.5470287288469107,1.7182211727666274,0.30460448642266824,1.4136166863439592,49.44510035419126,33.865317770534375,14.759863126715988,35.21917307978414,11
Mercer,2012,60.3,222086.709,24.80132934024431,28.178510098945132,22.029192902117916,19.964428816747077,18.28195273530133,70287.58488888889,9134404,41.12989940339023,368303,2.2522216761742366,8.3,28346897,63.71221521410361,19.882813878790017,0.1851736206330114,9.53807055603674,0,4.6844581770987475,1.9972685533378765,0.35215569789005247,1.6451128554478245,48.92411954287638,34.97659862411187,20.92543513401752,29.460358633134092,65
Middlesex,2012,51.5,423866.115,25.47010416249008,25.83081027177063,21.230978035864077,24.998469962667087,16.40992040205781,80095.03466666666,20962940,49.45651293687395,823041,0.9853701091440159,8.6,53300947,62.30843906925657,9.617139364867606,0.15843682149491944,22.831669382205742,0,3.080769973792314,2.0035453883828387,0.7177042212963874,1.2858411670864514,49.15174335178928,35.18118725884848,20.779535318779338,30.026390953581984,146
Monmouth,2012,66.9,421057.896,29.08210885564298,25.91612119871622,25.28114351279056,25.409705758344447,15.999778817642058,84054.40355555555,18303814,43.471014731902805,629384,1.0235404776734076,8.7,29755547,82.98129599735614,7.68418008719637,0.23864604120854677,5.0638401993059885,0.00921535978035666,2.2048542702070595,1.8179680449455344,0.08150826840212018,1.7364597765434138,48.64756650947593,35.94792836846627,16.47338047093548,31.197273067688712,143
Morris,2012,49.2,245015.50800000003,20.695322681370847,22.697006057276685,21.761380885605657,29.36579301172423,19.611409075795468,98512.81955555554,10306250,42.0636639865261,497999,0.5700814660270402,7.1,48952201,81.66542503097396,3.1538215940192655,0.12208859857148308,9.697007423709683,0,3.5134608704033545,1.8481964823222536,0.3666674029465923,1.4815290793756617,48.92399382328077,35.85340487798136,16.185652142366017,32.28768964456868,49
Ocean,2012,81.9,475404.93000000005,34.33154512722449,37.21758150867341,27.40764177289928,17.39989387118553,8.788512178655154,61315.42755555555,19928432,41.91885851919962,580470,1.0712009233896669,10.6,17444754,92.104329250435,3.219804641066722,0.31440039967612454,1.8018157699794992,0,1.2467483246334867,1.3129016142091754,0.14626078867124914,1.166640825537926,47.94838665219564,37.21321637882241,16.219801808222954,25.58674409063276,174
Passaic,2012,50.5,253956.925,21.760342821917536,33.29684977742993,21.767842293205497,16.863657486670252,9.335102480066526,61044.57777777777,10942950,43.08978776617334,502885,2.3277687741730215,11.1,21872034,68.90024558298617,13.828012368632988,0.32890223410919,4.88978593515416,0,7.588613698957018,4.464440180160474,0.5363055171659524,3.9281346629945215,48.58725155850741,38.160474329825334,20.236279968958897,28.388994023226367,64
Salem,2012,79.9,52553.426,40.6227384680877,36.05732683450342,29.732146849707103,13.453025086079684,6.148548942449581,62398.82666666666,2671920,50.84197555455281,65774,2.271414236628455,11.8,5629822,77.68115060662268,14.308085261653542,0,1.0916167482591903,0,5.543223766229817,1.3759236172347735,0,1.3759236172347735,47.9064676011798,36.11915162359875,17.19383190358402,28.887953265617597,25
Somerset,2012,42,137636.94,18.662219604707865,22.287222500232495,19.408266204923585,28.4157990531905,23.45678465619478,99061.75555555554,6115740,44.43385620168539,327707,0.6173197398895965,7.4,28088357,69.07878074011235,8.951593954355568,0.08086491896724819,15.345720414882807,0.01922449016957221,4.876307189043871,1.647508292468577,0.34237901540095267,1.3051292770676244,48.77741397040649,37.369137353433835,15.743299832495811,32.52250837520938,41
Sussex,2012,67,98786.14,30.046526769848484,31.19259787032609,29.22006305084084,22.73734347091951,10.147671706179178,89550.99999999999,4430120,44.84556234305744,147442,0.9936110470557914,9,4291312,93.04472267060946,2.2795404294570067,0.09766552271401636,1.798673376649801,0.06104095169626022,1.181481531720948,1.5368755171525077,0.4808670528072056,1.0560084643453018,49.69818640550183,34.50122611391293,15.659556748253369,33.8083560819877,27
Union,2012,49.2,267636.19200000004,20.314535935408916,30.25764208846404,23.885454754135992,19.74864319795373,11.99205321178136,68101.14488888888,11050620,41.28970718579047,543976,1.4914260923276028,9.5,34795237,59.40280453549421,22.08185655249496,0.08290806947365324,4.680353545009338,0,11.67900789740724,2.073069400120594,0.6958027560039414,1.3772666441166523,48.58210656352486,37.71851300834022,18.75854982380271,30.267479464662827,61
Warren,2012,78.7,84722.91100000001,31.652364541629122,36.48585378904421,24.59902347669052,19.53715470537088,9.309076315965486,73487.1271111111,3407472,40.21901466534831,107653,1.1304840552515956,8.7,4405544,89.0435008778204,3.910713124576184,0.18206645425580337,2.5405701652531745,0,2.9622955235803925,1.3608538545140405,0.12726073588288295,1.2335931186311575,48.598738539566945,35.497104247104254,16.43983268983269,30.896074646074645,23
Atlantic,2013,86.7,239172.354,40.07351501837876,34.76495476005243,26.56847804077457,15.802009953854188,7.7003825946095725,53101.05197080291,11054760,46.220893908164655,275862,2.1351255337813835,11.7,13847062,68.69340467335117,15.161203790300949,0.14282503570625893,8.097527024381757,0,4.515663628915907,3.3893758473439615,0.6641001660250415,2.7252756813189203,48.64134966033741,35.82422835720441,18.45778373244265,28.910107624277423,75
Bergen,2013,45.5,421024.24,19.468891031072225,24.36598133257014,20.13611282931888,29.229176091164515,17.920394151733646,83196.09635036495,18015110,42.78877149686203,925328,0.7368198087597047,6.7,65467065,69.63433506821364,5.973233275119742,0.2123571317413933,15.77224508498608,0.01696695658188232,6.575614268670137,1.8152482146871165,0.35544152992236266,1.4598066847647535,48.406294848961664,34.83672473102816,17.1494851407963,31.257308503029364,125
Burlington,2013,74,333620.12,35.80923081018015,29.88104129735829,27.704459268424813,22.510153642970025,12.749192997752894,78844.26919708028,16144162,48.3908524461894,450838,1.1574002191474542,7.7,24269671,73.59428442145516,16.202272213078757,0.05434324524552056,4.691042015091895,0.0179665423056619,2.288183338582817,3.151908224240193,0.3930458390818875,2.7588623851583054,49.212133848522086,34.683701731228496,18.66545096632917,30.625729610950458,118
Camden,2013,92.9,476441.36600000004,43.76972393702691,32.48097763430943,26.9388402121282,18.203827530551074,10.521962185842748,59089.90773722627,22447478,47.11488044889872,512854,2.86689779157421,9.4,23007982,63.051082764295494,20.228759062033248,0.09710365913105874,5.5432930229656,0,7.839658070328008,3.2401034212465927,0.8261610516833251,2.4139423695632676,48.391160057248264,37.208455547688885,19.406965375408788,28.90563366036209,158
Cape May,2013,98.6,94554.442,45.99455665974952,32.7484884443691,23.759676781375376,23.083008419506132,10.633158162400406,61691.632116788314,4410740,46.6476233871699,95897,1.765435832194959,14.3,4925266,90.43452871309844,4.469378604127345,0.06882384224741128,1.1282938986621065,0.2732097980124509,1.9155969425529475,1.710168201299311,0.06986662773600842,1.6403015735633024,48.24447062994671,29.38571803820031,17.312094262448873,27.14923636909452,16
Cumberland,2013,105.4,165827.928,45.765324282409175,41.47657242543186,23.519540360657604,9.33879439482716,4.373589699831238,46837.1509489051,7200350,43.420611273632986,157332,3.273332824854448,11.7,6055416,60.92657564894618,21.352299595759288,0.6127170569242112,1.070983652403834,0,12.597564386138863,3.4398596598276256,0.9298807617013704,2.509978898126255,51.08623801896627,35.41879949021165,22.017006873785597,29.201053005453062,39
Essex,2013,42,331617.3,16.95532350091506,29.42894857667585,22.675045913682276,19.63632537496174,12.868648607284973,54611.76350364963,13387330,40.36981785932157,789565,3.1508488851456184,9.7,51313450,41.19749482309879,40.58715875197102,0.2625496317592599,4.955260174906436,0.0054460367417502,10.172056765434132,2.8200338160886056,0.8069000018997803,2.0131338141888255,48.063680634273304,38.46353785567163,19.785903532089353,29.277615539358408,127
Gloucester,2013,85.5,248176.57499999998,47.990215837252165,35.56698930208864,26.785532348446257,20.09373408048905,9.050942435048396,72688.34890510948,13929880,56.128907411990845,290265,1.484505538042823,9,11313956,82.11289683565019,10.313678879644463,0.05271045424009095,2.9703891271768903,0,2.326494754793034,2.2238299484953403,0.4888636246188827,1.734966323876458,48.63211203555372,36.833663048708765,18.16286157300968,30.32430923143643,74
Hudson,2013,37,244304.34,15.69559672988208,25.81434012908998,19.945069007865413,22.55246296889753,14.117307994244504,57126.899562043785,10363520,42.420531702384004,660282,2.4769719604653773,7.9,41229832,56.183872951254166,12.614004319366574,0.36847892264214377,14.6270835794403,0.00893557601146177,12.777722245949455,3.419902405335902,1.2462856779376084,2.1736167273982936,49.75283288049652,32.37151548111275,26.949808356340114,29.414504549747985,87
Hunterdon,2013,47.5,59968.75,18.15960396039604,22.98031886403264,25.819097653534513,28.866425828214563,17.911315228663575,112521.01401459852,2292650,38.23074517978114,126250,0.5710891089108912,5.9,6674512,91.15960396039604,3.781386138613861,0.01267326732673267,2.9687128712871287,0,0.8792079207920791,1.1984158415841584,0.1908910891089109,1.0075247524752475,50.49980198019802,32.9130714217342,16.60900600309043,33.115453513653954,15
Mercer,2013,59.8,221507.572,24.30696463956546,25.01471430068774,20.97856146546372,21.847713034854753,18.55654725910876,72181.04321167881,9003640,40.64709805947401,370414,2.368970935223831,7.3,28660506,60.53604885344507,19.85589097604302,0.0737013179847414,10.145944807701651,0.01646806006252463,7.376611035220051,1.995334949542944,0.4419379397107021,1.5533970098322418,48.9698013574001,34.60012801883839,21.138059439987664,29.247632352322796,68
Middlesex,2013,47.7,395394.363,22.70905842428512,25.540537899395723,22.15046044998481,24.148971516597697,16.42233115797441,78283.99182481751,18823970,47.60808893980109,828919,1.0066122262850772,7.5,54309937,60.6412689297748,9.877201511848565,0.13921746274364566,22.90814904713247,0.01194326586795573,4.165183811687269,2.2570359709452914,0.6189989612977866,1.6380370096475048,49.22266228666492,35.013408270436734,20.749246691452278,30.10229246194082,139
Monmouth,2013,63.5,399841.72000000003,27.309967729230458,25.396796203998303,24.5229709598514,26.847194379563387,15.875756349658838,85313.94481751823,17196322,43.00782319563851,629672,1.0441944377390133,7.5,30571189,82.19041024533408,7.602211945266742,0.0965582080829384,5.409641845278176,0.0247748033897013,2.8721302519406926,1.8042727007076704,0.21662071681764475,1.5876519838900254,48.681376970867376,35.546072170458494,16.49704937543736,31.532837062709724,159
Morris,2013,47.2,235715.38400000002,19.295310144033703,22.212757110144064,19.300261910881,30.587552447148585,21.15876073127135,102047.9018978102,9636020,40.87989437295276,499397,0.5662829372222902,6.2,50392973,81.69432335396488,2.9916078791021974,0.04024853973892514,9.45460225031388,0,3.4781947028115905,2.341023274068527,0.2553079013290028,2.0857153727395237,48.98107117183323,35.38872419964483,16.597220782630927,31.99416792774864,52
Ocean,2013,77.8,453896.092,31.980319292989197,36.679713224239265,26.511350505088156,17.371305028516048,8.509586113492626,61352.409635036485,18657766,41.10580885988329,583414,1.0781366233926508,9.3,18420364,91.81147521314196,3.036265842094979,0.10558539904767456,1.9637855793655965,0,1.834546308453345,1.2483416578964508,0.18237478017325603,1.0659668777231948,47.86703781534211,37.5826879758459,16.32660338894403,25.40014145364421,124
Passaic,2013,49.3,249296.296,21.29127181255834,36.09850252407416,21.406754701201734,16.809485428244177,8.43307415869245,59998.575766423346,10766400,43.18716391999663,505672,2.327002483823506,10,21970562,65.71572086253539,13.420359442484456,0.4995332943093546,5.421696277428848,0.02491733772089417,10.778923887421096,4.138848898099954,0.5837776266038064,3.5550712714961477,48.71833916056258,38.236991975585795,20.098169947437892,28.296778418815684,56
Salem,2013,80.2,52263.132000000005,43.096553417426264,42.45335099922712,23.230650325714915,16.038423318979795,5.262228110853483,63100.47503649634,2808430,53.73635089454646,65166,2.3877482122579257,10.4,5884371,81.58395482306724,14.374060092686369,0.05677807445600467,0.5892643403001565,0,1.2813430316422676,2.1145996378479572,0.12429794678206428,1.9903016910658933,48.35036675567013,36.12915247018739,17.397785349233388,28.58017461669506,20
Somerset,2013,40,132234,19.481797419725638,21.59903906852774,19.48867223118468,29.788437258890372,22.90629164620888,99035.64700729924,6440390,48.704493549314094,330585,0.6455223316242419,6.3,30360046,68.7668829499221,8.722113828516115,0.16969916965379556,15.929942374880891,0,4.24792413448886,2.1634375425382277,0.23201294674592013,1.9314245957923075,48.99012356882496,36.86308339092974,15.848278084092481,32.35445432388752,46
Sussex,2013,66.4,96938.68800000001,29.450654830401668,28.788580322927032,30.544089686628773,23.12799850259583,11.765459220364695,90058.98481751823,4299560,44.35339582891817,145992,1.0329333114143242,7.9,4438280,93.48046468299631,1.8179078305660583,0.02808373061537618,2.0350430160556745,0.04041317332456573,1.1897912214367912,1.4082963450052055,0.0965806345553181,1.3117157104498878,49.889035015617296,34.05771495877503,16.161366313309777,32.34393404004711,30
Union,2013,46,252197.76,19.842865376758304,29.262420779784765,24.11334428053795,19.43083583264348,12.953166772972166,65799.99328467152,10878970,43.13666386251805,548256,1.526659078970408,8.4,36095031,57.08701774353586,21.246096713943853,0.28909852331757424,4.846458588688495,0.09667016868032452,14.386162668534409,2.0484955932994806,0.5829393567968248,1.4655562365026555,48.856191268312614,37.68897211611443,18.825355547536986,30.444263335365626,55
Warren,2013,77.6,83326.10399999999,31.11176300766444,34.453385725051135,26.007912584777692,19.753202712886207,11.255248142964795,68463.85751824816,3340750,40.092478102660365,107379,1.1501317762318517,7.6,4479216,90.2401773158625,4.155374887082204,0.01210665027612475,2.7603162629564437,0,1.6064593635627078,1.2255655202600135,0,1.2255655202600135,48.16956760632898,35.07794738551478,16.700227346541087,32.84995128288405,15
Atlantic,2014,84.7,233102.023,41.34675828188758,33.759446514103246,27.61362426822778,17.012772751463544,7.761575306013838,55408.28509905253,11379000,48.815535161614626,275209,2.1623566089771775,10.6,13782024,67.70309110530542,15.7840041568408,0.14679752479025032,8.344203859612149,0,3.990785185077523,4.031118168373854,1.4087475336925754,2.6223706346812787,48.44754350330113,35.33497222520649,18.784481505589717,28.142596232233927,78
Bergen,2014,44.4,414505.968,18.84486681262934,25.334675083097004,20.011892781996156,28.871253011313392,17.289208062696307,84822.8690783807,17593040,42.44339372213816,933572,0.7434884508104357,5.4,67192926,69.99963580741496,5.962475309885043,0.17524090268345666,16.012476809501567,0.01713847459006911,5.759812847857476,2.0732198480674224,0.5989896869229154,1.4742301611445072,48.43675688645332,34.49684861725809,17.44447072160846,30.713875468765835,111
Burlington,2014,73.9,332344.558,35.33218299304904,28.28428451518239,27.684870153585916,24.812422710467803,12.16705431571933,81035.35572782083,15889660,47.81080242631805,449722,1.1707232468058044,6.4,24523075,72.16146864062688,15.624541383343487,0.09694878169180073,4.378260347503569,0.02245831869466025,3.0819039317622887,4.6344185963773175,0.5770231387390432,4.0573954576382745,49.15859130751887,34.11839739353609,19.199234658593184,30.64285604512133,110
Camden,2014,90.8,464022.50399999996,42.417694965932085,31.84151483166935,25.177789697714253,20.265141683825608,10.988066605528928,62437.372954349696,21677054,46.715523090233575,511038,2.940681514877563,7.7,23073533,61.786599039601754,19.78815665371264,0.28275783796899645,5.793698315976503,0.02856930404392628,10.241508459253518,2.078710389442664,0.5796046477952715,1.499105741647392,48.31069313827934,37.01458821614032,19.421898265762632,28.417003870066175,182
Cape May,2014,96.8,92292.992,45.02097667393858,35.94587694664284,25.474427708280142,16.930474002212577,9.349558902788417,56997.01722652885,4292480,46.50927342349027,95344,1.7735777815069642,12.2,5068517,89.84099681154557,5.21794764222185,0,1.0194663534150026,0.08285786205739218,2.6996979358952844,1.1390333948649105,0.26955026011075683,0.8694831347541534,49.29203725457291,28.78325994505288,17.5755522938542,26.636182304015655,11
Cumberland,2014,98,154241.22,46.0759646481012,37.307590233545646,25.357332423415222,8.448020928116469,4.049135577797998,45417.103359173125,7251850,47.01629045724612,157389,3.3706294594920867,9.9,6163426,61.94016100235722,19.46451149699153,0.660783155112492,1.226896415886752,0,12.481812579023948,4.225835350628062,0.7846799966960842,3.4411553539319772,51.55633494081543,35.87920560505863,21.403955416188023,29.334451033355066,31
Essex,2014,43,342160.89,16.36374718337914,29.302877012497795,23.545443009925897,20.408777814182606,12.271856942916177,54848.32213608957,13021010,38.055226007858465,795723,3.1719580808899575,8,51743497,41.08904731923044,40.04521673999621,0.28150499608532115,5.032027476898368,0.02827617148178449,11.437397184698696,2.0865301116091906,0.6922006778740843,1.3943294337351064,48.07150226900567,38.21696936839252,19.74215234480889,29.06825698021144,147
Gloucester,2014,85.8,249635.95799999998,50.770473378678886,34.719759229046545,27.804687737502913,20.13619367064236,9.756999685862814,79841.30232558139,14771720,59.17304589589614,290951,1.4590085615790975,7.3,12258979,82.42968747314839,10.645778842485504,0.01340431894030266,2.9513560702661272,0.04124405827785434,1.7246890369856092,2.1938401998962025,0.199346281676296,1.9944939182199064,48.41777481431581,35.98166584995637,18.49191456811961,30.106730091192677,83
Hudson,2014,38.6,258278.39,15.57117236947311,26.478468149635397,18.729840033378444,24.13647039886818,14.101545871005865,58579.73901808785,10418905,40.33982479138111,669115,2.3965984920379904,6.4,42436654,57.51970886917795,13.201467610201531,0.10431689619871023,14.853799421624087,0.04558259790917854,11.9329263280602,2.342198276828348,0.6332244830858672,1.708973793742481,49.717612069674125,32.48583436671211,26.64499780487241,28.840895612055483,93
Hunterdon,2014,46.3,58369.02099999999,17.20132945179944,21.741187603501302,22.81027859452274,30.467403426949204,19.60863834533104,103783.47545219638,2168520,37.15189946392968,126067,0.6099930989077237,4.9,6937665,91.05079045269578,2.6263812099915125,0.15705934146128644,3.982009566341707,0,1.4079814701706237,0.7757779593390816,0.1324692425456305,0.6433087167934511,50.28595905351916,31.95457344188274,17.64931244441404,32.93425463501403,15
Mercer,2014,59.6,221436.052,23.87643760917486,23.09381863821776,22.18387197991842,20.062674486897897,20.89417746775764,75090.13178294573,8870980,40.061136928145736,371537,2.246882544672536,5.9,28921547,64.14273679337454,20.483558838016133,0.12273340205686108,10.111509755421398,0,3.258894807246654,1.8805664038844043,0.40345914404218153,1.477107259842223,48.9617453981703,34.565185989403986,20.981878672376276,29.978239496013682,66
Middlesex,2014,45.8,383024.02599999995,20.951826922731996,26.519491896627244,21.549014454664913,24.61971090670171,16.424704336399472,77815.81912144703,17521950,45.74634699286462,836297,0.9986882650541614,6.1,55880739,60.11345251746688,9.934150188270436,0.17099188446209898,23.827420162932547,0.05309118650431604,4.016396088949261,1.8844979714144616,0.5530331927532922,1.3314647786611695,49.251402312814704,34.716768682952285,20.716600196841092,29.825329215697153,129
Monmouth,2014,61.8,388894.422,26.05705895159381,24.813099767321255,24.60933376778937,25.882641798647988,17.76986374296112,88565.30490956071,16397160,42.16352581164046,629279,1.0702724864487771,6.1,31465495,82.13765277404777,6.748516953529357,0.05323552827918936,5.346595071502466,0.09677742305082485,3.0309290473700856,2.586293202220319,0.4354189477163548,2.150874254503964,48.663470416142914,35.047671205596075,16.880336561200863,30.892656117320676,146
Morris,2014,45.9,229374.69299999997,19.156519459624956,20.53541113982034,20.580585016084203,30.75449005311527,22.24511287714432,100752.26270456502,9573030,41.73533651334414,499727,0.5783157604051813,5,50824837,81.71341552487658,3.320613054727881,0.08964894832578588,10.152143070116283,0.02961617042905426,3.154122150694279,1.5404410808301332,0.28335471167257326,1.25708636915756,48.88549147834718,34.888101693624066,16.706314991221966,31.099868762314358,46
Ocean,2014,72.6,425654.526,30.495905686669474,33.68907492343392,29.402364024085536,19.334975978784147,9.240622819907674,63762.65202411713,17879780,42.00537973370451,586301,1.1059165855081263,7.4,18982375,91.83439905441062,3.0257495723186554,0.02814254111795818,1.9930035937172204,0.02780141940743747,1.4792742976730382,1.6116295213550718,0.30223383552134486,1.309395685833727,48.226934629141006,37.61420780508535,16.185046155299005,25.288913284699102,166
Passaic,2014,50.8,258498.848,20.896461867404533,33.33343332653379,21.921309350964137,18.866617070039236,9.70224024766316,58905.298880275615,10633290,41.13476745552073,508856,2.2961309289858036,8.3,22752767,58.241427830270254,12.220549625041269,0.6052792931595579,5.450657946452434,0.01002248180231735,19.958102095681294,3.513960727592875,1.1229110003615954,2.39104972723128,48.716729290801325,38.234406843290785,19.801163788480103,27.900421001823446,61
Salem,2014,80.5,52095.575000000004,45.65077648149579,38.12315432571366,27.6080061249043,12.888548616427869,6.57989718910642,57475.84065460809,2954290,56.70903910744818,64715,2.3982075253032527,8.5,5885135,81.22382755157228,15.304025341883642,0.14834273352391253,0.25187359962914313,0,1.5838677277292748,1.4880630456617476,0.2982307038553659,1.189832341806382,48.12485513404929,35.80003201195113,17.054366963666435,29.523021928186523,22
Somerset,2014,38.7,128703.816,21.133001371148158,20.844368621530705,20.733106737234337,30.131463551915665,23.523816588056143,100473.78380706286,7028160,54.607238685137354,332568,0.5938635106203843,5.2,32238200,67.08612975391499,9.393868321666544,0.19093839455389577,16.57555747997402,0,4.738279088787857,2.015226961102692,0.30099107550936954,1.7142358855933224,48.84564961150802,36.44590959274751,16.236711294945756,31.98619166835124,42
Sussex,2014,63.7,92307.033,29.519008481184745,32.27248063927391,28.535490553938736,21.80437034479357,10.303359147634788,82216.38673557277,4277570,46.34067265492111,144909,1.0523845999903387,6.4,4563989,93.28061059009448,2.0999385821446563,0.04968635488478976,1.8873913973597225,0,1.0779178656950223,1.604455209821336,0.2601632748828575,1.3442919349384783,49.77468618236273,33.34006294163055,16.170061160263643,32.33655958672288,26
Union,2014,45.2,249928.428,18.387869186293607,29.896050231627203,23.328168127451455,20.190843596489813,12.80648233338176,69150.91817398793,10167370,40.681126518348684,552939,1.564548711521524,7,37509950,57.120586538478925,21.24393468357269,0.05931938242735637,5.081754045202093,0,14.441918547977265,2.0524868023416687,0.5282680367997193,1.5242187655419497,48.74371314014746,37.462847044138634,18.87617329189092,30.37304348363416,55
Warren,2014,77.5,82860.675,31.090565578907004,32.849704870638305,30.70817662254226,19.198800744181067,9.677030771084016,71567.07321274762,3324110,40.116858811492904,106917,1.1616487555767558,6.3,4481191,90.00533123825024,4.544646782083298,0.0832421411001057,2.848938896527213,0.04115341807196236,1.3243918179522434,1.152295706014946,0.05985951719558161,1.0924361888193646,48.7275176071158,33.505509641873275,16.35019021382658,33.15623770169225,14
Atlantic,2015,80.3,220197.857,NA,32.80694933398665,25.63179394862563,18.998290361580537,8.163124004708164,54052,NA,NA,274219,2.1814680966672624,9.6,13675341,67.62077026026643,14.779428121319093,0.2607405030286012,8.00856249931624,0.06418227766857876,5.057271742658241,4.209044595742819,1.491508611730041,2.7175359840127777,48.089300887247056,35.056254517311295,18.68072123472109,27.69039867470881,117
Bergen,2015,44.3,415758.15799999994,NA,24.075355166854624,20.62563861914457,30.35475056955367,17.026664951067584,89023,NA,NA,938506,0.7492759769250277,4.7,68877694,69.95085806590474,6.078916916887053,0.1816717207988015,16.314440184719118,0.0969626193119703,5.251005321223306,2.126145171155006,0.4953617771223625,1.6307833940326433,48.45509778307224,34.2031066538033,17.49175472841085,31.000351499106298,126
Burlington,2015,73.4,330465.884,NA,28.85411887648468,28.60560993016261,24.13786511699037,12.052365295407045,74800,NA,NA,450226,1.1703011376508687,5.4,25858716,72.06003207278123,16.394210907410944,0.1345990680236148,5.110988703451155,0,2.317946986624495,3.982222261708564,0.282302665772301,3.699919595936263,49.249710145571335,33.61554876290444,19.415191187496394,30.381221523732627,115
Camden,2015,87.9,449101.317,NA,29.87328708216272,26.9500028668081,20.22705120119259,11.731552089903102,65025,NA,NA,510923,2.9636559716434765,6.5,24023948,63.280181162327786,18.69988236975043,0.18261068693325608,5.780323062379263,0.03601325444342886,8.124707636962908,3.896281827202925,0.9933003603282688,2.9029814668746563,48.2610882657465,36.74023191757064,19.368857754956302,28.726833747067026,235
Cape May,2015,95.3,90274.83099999999,NA,32.3723461245665,27.48329432994051,19.67744664053909,11.02292271689176,57116,NA,NA,94727,1.771406251649477,11.1,5175139,91.58106981114148,5.134755666283109,0,1.4441500311421245,0,0.7558563028492404,1.0841681885840362,0.3399242032366696,0.7442439853473666,49.18660994225511,28.006018703693126,16.949507647182067,27.495571681618195,25
Cumberland,2015,98.3,153204.482,NA,43.79540008679081,21.30714514820475,10.113960113960117,3.401822607120621,51315,NA,NA,155854,3.5084117186597714,8.8,6473378,70.86568198442131,18.889473481591747,0.5607812439847549,1.650904051227431,0,3.3101492422395316,4.723009996535219,0.8944268353715658,3.828583161163653,51.82735123898007,35.53861237431683,21.534064833743585,29.682089365430343,46
Essex,2015,42.4,338112.016,NA,27.795390783070456,22.643868793766124,20.956969108919825,13.351347488924493,52041,NA,NA,797434,3.1613901589347835,6.9,54584833,41.82678441099827,39.47649586047247,0.2176982671920184,5.2240059992425705,0.01028298266690409,10.645520507026289,2.5992119724014775,0.8183749376123918,1.7808370347890858,48.060403745012124,37.992088456772464,19.584968934411314,29.226999766033224,138
Gloucester,2015,82.8,241344.612,NA,34.67185734019842,27.183724726861737,19.74180585206581,9.924400351626272,77565,NA,NA,291479,1.4272040181282357,6.1,14702718,81.17668854360005,9.242175251047245,0.03327855523039395,3.2787953849162372,0.07136020090641179,2.7477108127858267,3.4499912515138313,0.5104998987920227,2.9394913527218085,48.639524631277034,35.57932221355454,18.34227560457098,30.16929773892538,93
Hudson,2015,38.3,258462.18799999997,NA,26.985272794413717,17.758185084192714,25.101133487858768,14.07231539878619,60530,NA,NA,674836,2.3368640677142296,5.4,45444230,53.749799951395595,12.469399972734116,0.3092603239898286,15.054768862360632,0.12980931663396736,14.917253969853416,3.36970760303244,0.7532200416101097,2.61648756142233,49.73341671161586,32.324888605983446,26.375302355187777,29.320942075111393,86
Hunterdon,2015,45,56469.6,NA,21.578431819217275,22.358649596792564,31.562941364071257,18.665998450954486,102122,NA,NA,125488,0.60005737600408,4.2,7003687,91.05651536401888,2.652046410812189,0.00956266734667856,3.979663394109397,0,0.8375302817799312,1.4646818819329337,0.07650133877342853,1.3881805431595051,50.084470228228994,32.96630607041962,16.667815062357885,31.53862054709571,11
Mercer,2015,59.1,219496.218,NA,26.496929529998916,23.254738416868083,19.7909587024801,18.3287152284856,72417,NA,NA,371398,2.2638786423190216,5,29766159,64.88861006252054,20.52461241040609,0.05385058616363038,11.03640838130523,0.00457729982390858,2.0293593395764113,1.4625819202042014,0.12816439506944033,1.3344175251347612,48.88825464865185,34.36417615042058,20.85227750133037,30.089718334842644,86
Middlesex,2015,44.4,373359.6,NA,26.534607115611347,20.3072335113392,24.41275400513212,17.04209723281781,78643,NA,NA,840900,1.0140325841360447,5.2,58539222,60.03888690688548,10.1763586633369,0.21084552265429896,24.039719348317277,0.02425972172672137,3.276013794743727,2.2339160423355926,0.9149720537519324,1.3189439885836605,49.21893209656321,34.56650877544921,20.55936068385866,29.81626211306758,140
Monmouth,2015,59.3,372827.995,NA,24.81041028221195,24.29881535013493,26.588985958011257,17.444998399121804,87092,NA,NA,628715,1.056440517563602,5.2,32492109,81.69790763700564,7.376474237134473,0.1919788775518319,5.3555267490039205,0.07411943408380585,3.467866998560556,1.8361260666597743,0.20518040765688744,1.630945659002887,48.61423697541811,34.63355498409052,17.072656507904803,30.672137195993088,128
Morris,2015,45.2,225778.068,NA,23.01830671514705,20.35773461591568,29.49670916371335,21.9266350623648,101661,NA,NA,499509,0.5637536060411323,4.4,53301876,81.5182509224058,3.314654991201359,0.18978637021555167,10.189606193281804,0,2.473228710593803,2.31447281230168,0.3765697915352876,1.9379030207663923,48.99191005567467,34.423116385351925,17.070524034933342,30.995169014917277,71
Ocean,2015,70.6,415637.02599999995,NA,35.228214237421476,28.335197728306433,18.743684618126835,8.993841350231719,63765,NA,NA,588721,1.1183565729776923,6.2,19827805,91.16542470881794,3.187588008581314,0.02938573619762162,2.0070627682722377,0.03176377265292048,1.6690418721261857,1.9097331333517913,0.23168869464483177,1.6780444387069595,48.281104292185944,37.57534121902313,16.381448958801236,25.60911522325662,174
Passaic,2015,50.6,258523.496,NA,35.99508453294137,20.97553573235103,16.535250325813344,8.234002416077029,55954,NA,NA,510916,2.298616602337762,7.1,22722651,58.715522708233834,11.438475209232044,0.4458658566183091,5.388557023072286,0.03620947474731659,20.15380219057536,3.821567537520845,0.8058076082956885,3.0157599292251565,48.89022853071738,38.14882759080752,19.883926486774957,27.624495513825423,84
Salem,2015,78.1,50124.579999999994,NA,39.06903300418112,29.21893070011565,14.320345165020909,6.207187972600303,68830,NA,NA,64180,2.5225927080087254,7.4,5631998,80.58585229043315,12.990028046120289,0.09660330320972264,1.237145528201932,0,1.5768152072296666,3.5135556248052353,0.27734496727952634,3.236210657525709,48.70987846681209,34.28579211157115,17.41392460230987,27.530507735890176,18
Somerset,2015,38.8,129457.75199999998,NA,20.87594727813606,20.577595379236964,30.10878770112696,23.702256096236944,98440,NA,NA,333654,0.5781438256397345,4.6,34740972,65.85264975093959,9.562301066374149,0.05244954353911537,17.441721064336107,0,4.728251422131909,2.3626271526791225,0.45076636275902576,1.911860789920097,48.84371234872053,35.95646151619772,16.47888197473693,32.29000847615306,43
Sussex,2015,61,87640.53,NA,31.750905913368022,27.186287384354113,25.114781939000185,10.648801824662565,85086,NA,NA,143673,1.0593500518538626,5.5,4680905,92.98615606272578,2.153501353768627,0,2.1270524037223417,0.01809665003166914,1.1073757769379076,1.607817752813681,0.10301170018027048,1.5048060526334106,49.75534721207186,33.035080756695656,16.188620702096184,32.272612476097706,43
Union,2015,44.9,249547.91400000002,NA,30.548538289375752,21.421083098362363,19.59297781358288,13.84030154533984,71163,NA,NA,555786,1.54645852900217,6,37601467,58.052919648929624,21.31935673082805,0.1813647698934482,4.9274360995059245,0,12.248239430284318,3.2706833205586325,0.914560640246426,2.3561226803122066,48.85369548711195,37.299790150274525,18.757124290643404,30.292714251039264,81
Warren,2015,75.4,80579.226,NA,30.89411609672531,27.10153521776372,21.158331686103978,9.91104961454833,71277,NA,NA,106869,1.221121185750779,5.4,4554700,89.05763130561716,4.112511579597451,0.2629387380812022,3.173979357905473,0.03275037662933124,1.6618476826769222,1.6983409594924628,0.2358027117311849,1.4625382477612778,48.66893112127932,32.43705138429988,16.51719591790231,33.140187828577936,22
Atlantic,2016,NA,NA,NA,NA,NA,NA,NA,NA,NA,NA,270991,2.2425098988527297,7.4,13694551,NA,NA,NA,NA,NA,NA,NA,NA,NA,NA,NA,NA,NA,NA
Bergen,2016,NA,NA,NA,NA,NA,NA,NA,NA,NA,NA,939151,0.7447151735982819,4.2,69905783,NA,NA,NA,NA,NA,NA,NA,NA,NA,NA,NA,NA,NA,NA
Burlington,2016,NA,NA,NA,NA,NA,NA,NA,NA,NA,NA,449284,1.18610945415372,4.5,26307208,NA,NA,NA,NA,NA,NA,NA,NA,NA,NA,NA,NA,NA,NA
Camden,2016,NA,NA,NA,NA,NA,NA,NA,NA,NA,NA,510150,2.97716357933941,5.5,24827457,NA,NA,NA,NA,NA,NA,NA,NA,NA,NA,NA,NA,NA,NA
Cape May,2016,NA,NA,NA,NA,NA,NA,NA,NA,NA,NA,94430,1.7028486709732078,9.8,5285073,NA,NA,NA,NA,NA,NA,NA,NA,NA,NA,NA,NA,NA,NA
Cumberland,2016,NA,NA,NA,NA,NA,NA,NA,NA,NA,NA,153797,3.619706496225544,7.5,6704284,NA,NA,NA,NA,NA,NA,NA,NA,NA,NA,NA,NA,NA,NA
Essex,2016,NA,NA,NA,NA,NA,NA,NA,NA,NA,NA,796914,3.113510366237762,6,56129178,NA,NA,NA,NA,NA,NA,NA,NA,NA,NA,NA,NA,NA,NA
Gloucester,2016,NA,NA,NA,NA,NA,NA,NA,NA,NA,NA,292330,1.4237334519207745,5.1,13773616,NA,NA,NA,NA,NA,NA,NA,NA,NA,NA,NA,NA,NA,NA
Hudson,2016,NA,NA,NA,NA,NA,NA,NA,NA,NA,NA,677983,2.296812751942158,4.7,46351341,NA,NA,NA,NA,NA,NA,NA,NA,NA,NA,NA,NA,NA,NA
Hunterdon,2016,NA,NA,NA,NA,NA,NA,NA,NA,NA,NA,124676,0.5726843979595111,3.8,7039450,NA,NA,NA,NA,NA,NA,NA,NA,NA,NA,NA,NA,NA,NA
Mercer,2016,NA,NA,NA,NA,NA,NA,NA,NA,NA,NA,371023,2.254038159359393,4.3,30588331,NA,NA,NA,NA,NA,NA,NA,NA,NA,NA,NA,NA,NA,NA
Middlesex,2016,NA,NA,NA,NA,NA,NA,NA,NA,NA,NA,837073,1.009708830651568,4.4,60584217,NA,NA,NA,NA,NA,NA,NA,NA,NA,NA,NA,NA,NA,NA
Monmouth,2016,NA,NA,NA,NA,NA,NA,NA,NA,NA,NA,625846,1.0547323143393104,4.5,33395495,NA,NA,NA,NA,NA,NA,NA,NA,NA,NA,NA,NA,NA,NA
Morris,2016,NA,NA,NA,NA,NA,NA,NA,NA,NA,NA,498423,0.563978789100824,3.9,55593810,NA,NA,NA,NA,NA,NA,NA,NA,NA,NA,NA,NA,NA,NA
Ocean,2016,NA,NA,NA,NA,NA,NA,NA,NA,NA,NA,592497,1.1012713988425258,5.2,20291597,NA,NA,NA,NA,NA,NA,NA,NA,NA,NA,NA,NA,NA,NA
Passaic,2016,NA,NA,NA,NA,NA,NA,NA,NA,NA,NA,507945,2.274655720599671,6.2,22871788,NA,NA,NA,NA,NA,NA,NA,NA,NA,NA,NA,NA,NA,NA
Salem,2016,NA,NA,NA,NA,NA,NA,NA,NA,NA,NA,63436,2.5364146541396053,6.4,5097376,NA,NA,NA,NA,NA,NA,NA,NA,NA,NA,NA,NA,NA,NA
Somerset,2016,NA,NA,NA,NA,NA,NA,NA,NA,NA,NA,333751,0.6214213590371265,4.1,36752719,NA,NA,NA,NA,NA,NA,NA,NA,NA,NA,NA,NA,NA,NA
Sussex,2016,NA,NA,NA,NA,NA,NA,NA,NA,NA,NA,142522,1.0454526318743773,4.7,4795892,NA,NA,NA,NA,NA,NA,NA,NA,NA,NA,NA,NA,NA,NA
Union,2016,NA,NA,NA,NA,NA,NA,NA,NA,NA,NA,555630,1.536994042798265,5.2,37815020,NA,NA,NA,NA,NA,NA,NA,NA,NA,NA,NA,NA,NA,NA
Warren,2016,NA,NA,NA,NA,NA,NA,NA,NA,NA,NA,106617,1.2362006059071255,4.6,4623325,NA,NA,NA,NA,NA,NA,NA,NA,NA,NA,NA,NA,NA,NA
